rating,date,content
3.0,2026.1.10.,"2025.11.02 아들친구랑 함께하는 여행길에 아이들을 위해 경전철을 약1시간정도 타고 오후쯤 도착했는데 하필 날씨가 갑자기 추워져서 놀이기구는 타지 못하고 사람구경과 풍경구경을 하고 왔습니다. 공기 좋은 곳에 자연을 친구 삼아 뛰놀기를 바랬는데, 아쉬운 날이였습니다. 날씨 좋은 날 다시 오고 싶습니다."
5.0,2026.1.13.,1월 13일 오전 10시에 도착. 마성ic에서 유료주차장 오는 길이 공공도로가 아니여서 그런지 제설이 안되어 있었음. 사람 거의 없는데 전날 밤에 눈이 와서 놀이기구마다 눈 치우느라 가동을 안함. 스카이 뭐시기 등도 한참 뒤에 운행했고 실내 건물형 총쏘는거랑 4d 이런거만 운영함. 놀이기구에 언제 운영예정인지도 안붙고 물어보면 20분쯤 뒤에 시작할꺼 같다고 했는데 결국 오후 3시에 가동함. 허리케인 2시 가동. 바이킹 3시 가동. 롤러코스터류 10시 오픈이라고 되어있는데 종일 점검중으로 떠 있음. 눈썰매장도 손님이 적어서 그런건지 걸어서 올라가게함.. 사파리는 오전에 탈게 없어서 30분 대기. 오후에는 10분 대기로 바뀜.
4.0,2025.11.23.,"다양한 구역별로 볼거리, 즐길거리가 많아서 좋습니다.  특히 주토피아와 매직랜드에서 아이랑 즐길거리가 많아서 좋았습니다~  로스트밸리, 사파리월드, 아마존익스프레스 등 익사이팅한 볼거리가 많으며,  주말에 60분정도 기다릴수도 있는데 기다림이 싫으시면 Q-PASS 구입 추천합니다.  걷기도 많이 걷는데 중간중간의 스카이웨이, 휴먼스카이, 스카이크루즈로 이동하면 진짜 편합니다!^^"
4.0,2025.11.11.,아이들이 원해서 k-데몬헌터스 체험하러 가서 놀이기구도 타고 즐거운 경험 하고 가요~ 실내에 쉴 수 있는(바람 막을수 있는곳들)장소들이 식당밖에 없어서 그점은 아쉬워요..  11월10일에 다녀왔고 롱패딩챙겨갓는데 하루종일 있기에는 아주 도움 됬답니다.
5.0,2025.9.30.,"주말 오후에 방문했더니 사람수가 딱 적당했습니다. 어릴때는 뭣도 모르고 기다리고 사람많아서 좋았는데, 이제는 또 다르잖아요? 나이트사파리까지 예약해서 잘 구경하고왔습니다!!"
4.0,2025.10.26.,"여름에 방문하여 날씨는 더웠지만, 곳곳에 그늘과 시원한 분수, 미스트존이 있어서 생각보다 쾌적하게 즐길 수 있었어요.  놀이기구 대기줄은 조금 길었지만, 사파리월드와 로스트밸리는 여전히 가족 모두에게 인기였습니다. 아이들도 신나했지만, 어른들도 오랜만에 동심으로 돌아간 기분이었어요. 특히 여름 한정으로 운영되는 워터 퍼레이드와 야간 불꽃놀이가 정말 인상적이었습니다.  직원분들이 친절하고, 정리정돈이 잘 되어 있어서 하루 종일 기분 좋게 놀 수 있었습니다."
5.0,2025.8.23.,"즐길 수 있는 놀이기구가 다양해 어린 아이도 부담 없이 즐길 수 있었고, 캐릭터 퍼레이드에 아이가 푹 빠져 즐겁게 구경했답니다.  워터 페스티벌이 열려 무더운 여름에 시원하게 즐길 수 있었습니다. 물놀이 공연과 시원한 물줄기 덕분에 아이도 어른도 모두 흠뻑 웃으며 즐겼습니다.  유모차 대여, 기저귀 교환실 등 편의시설도 잘 갖춰져 있어 부모 입장에서도 만족스러웠습니다. 사람이 많은 주말에는 대기 시간이 길어질 수 있으니, 일찍 입장하는 걸 추천드려요"
4.0,2025.12.26.,크리스마스 장식과 야경이 멋져요. 하지만 빨리 어두워져서 아쉬워요. 겨울엔.
5.0,2025.10.31.,"저는 에버랜드 할로윈 시즌 때 가보는게 버킷리스트 였어요!! 오픈부터 마감까지 하루종일 에버랜드에 있으면서 티엑스, 다양한 놀이기구도 타고 귀여운 호랑이와 판다들도 봤구요!! 아 마녀 분장집에서 분장 받았는데 만족했어요 가격이 좀 부담되긴 하지만 한번쯤은 추천드립니다아!! 좀비공연 지연되긴 했으나 멋있는 공연이었어요 공연 끝나고 같이 사진 찍을 수 있어서 너무너무 좋았어요 겨울 때 에버랜드 추웠지만 환상의 나라에서 꿈을 꾸는 듯한 기분을 맘껏 느낄 수 있어서 행복했습니다!!"
5.0,2025.8.23.,"수도권에 있는 놀이공원 중 가장 크고, 프로그램이 알찬 곳. 크게 동물원과 놀이공원으로 구분할 수 있고, 공휴일이나 주말에는 놀이기구 타기 위해서 대기를 해야함. 대기 시간이 70분이라고 게시되어 있으면 실제로는50~55분 정도 기다렸었음. 타고 싶은 놀이기구를 생각하고 어플에서 대기 시간을 실시간으로 체크, 전략적으로 줄이 짧은 곳으로 가는것이 바람직. 주차는 입구 앞은 유료주차장 이며, 먼곳에 위치한 무료주차장도 셔틀버스가 잘 되어 있어서 이용하기에 용이함. 그리고 여러가지 할인 옵션이 있으므로 사전에 확인하고 예약하는 것을 추천합니다."
5.0,2025.7.30.,평일3시에 즐기는걸추천한다 주차장넓어서좋고 기본30-40도이니만큼 각오하고 투어해야하고 루트 계획을 잘짜면5개이상타고 야간을즐길수있다 표값은3만원 음식음료값은5-8천원 잘계획하면 최고의휴가가될수있다 잘못하면 줄서다끝날지도
5.0,2025.11.12.,"가족들과 방문하기 좋은 넓은 놀이공원과 동물원이 있고, 어린 아기가 있는 가족들에게 필요한 편의시설들이 곳곳에 있어서 좋았습니다"
5.0,2025.4.2.,"대한민국 최고의 놀이 공원이죠! 3월 말, 갑작스런 눈으로 낭만 있었습니다. 갈 때마다 멋진 장면을 볼 수 있어서 좋아요. 여름 장미 축제도 아주 아름답습니다."
5.0,2025.6.7.,낮.밤 퍼레이드 너무 멋져요. 장미정원 향기도 좋고 너무 이쁘게 폈네요 날씨가 덥긴 했지만 그늘 아래는 시원했고 놀이기구 대기시간이 30분 내외로 대부분 길지 않은 대기 였습니다. 사파리. 아마존등 동물쪽은 포기하고 놀이기구에 집중하니 나름 잘 즐긴  하루였습니다.
3.0,2025.8.25.,봄가을에만 가세요 너무 더워서 힘들고 죄다걸어가서 놀이기구타고 보고합니다 두번은 별루 동물원은 좋아요 ^^
5.0,2025.10.6.,"에버랜드가 내년에 50주년을 맞이해 대규모 변화와 새로운 콘텐츠 도입을 준비 중이라고 해요. 오랜 역사만큼 추억이 깃든 장소라 앞으로의 모습이 더욱 기대됩니다.  정기권을 구입해 수시로 방문하고 있지만, 언제 가도 설레고 즐거운 곳이에요. 이번 추석 연휴에는 삼 일 연속으로 다녀왔답니다.  ‘케이팝 데몬 헌터스(케데헌)’ 테마존에서는 게임과 미션을 수행하면 선물을 받을 수 있었어요. 예상대로 많은 사람들로 붐볐지만, 직원분들이 친절하셔서 즐겁게 보낼 수 있었습니다. 아이가 적극적으로 참여하며 무척 만족해했어요.  또, 메모리 카니발 방탈출은 미리 예약하고 갔는데 아주 재미있어했어요. 다음에 또 도전하러 갈 예정입니다~"
5.0,2025.11.16.,즐거워요. 너무 넓어서 다리아프지만 아이들이 좋아해요. 사파리 4시에 줄서기 마감인 건 몰랐네요..ㅠㅠ
3.0,2025.12.24.,추운데도 사람들이   주말이라  많이  왔다 사파리 차를 타고 두러보고 좋았다.
5.0,2025.7.18.,한국 에버랜드의 판다 가족은 정말 귀여워요! 판다 전시관은 전 세계 판다 애호가들로 가득해요.  The panda family at Everland is so adorable! The panda exhibit was packed with panda lovers from all over the world.
5.0,2025.11.18.,꿈의나라 에버랜드 오전엔 핸드폰 없음 예약이 안되요
5.0,2025.12.28.,"한국에서 가장 유명한 놀이공원 중 하나로, 매우 다양한 놀이기구와 퍼레이드를 볼 수 있습니다"
5.0,2025.8.24.,동물도 볼수있고 다양한 놀이 기구가 있어요¡ 팁:여름엔 워터밤 도해요
2.0,2025.10.16.,비싼돈내고 2시간동안 기다리고 고객에 대한 편의 시설은 전혀 찾아 볼수가 없습니다 해외 여러 나라 놀이 동산에 가 봤지만 다시는 오고 싶지 않습니다 30년전 놀이기구로 지금까지 운형해 오면서 고객에 대한 편의 시설은 30년전과 똑같습니다
5.0,2025.11.4.,나이들어 첨 가본 곳  너무 즐거웠다 동물들은 볼 수 있어 기뻤고 연신 카메라를 터트렸다
4.0,2025.2.27.,꿈과 환상의 나라~ 간만에 가보니 입구에 커다란 나무 없어졌어요. 정문 주차장이 유료로 바뀌었고요. 카카오T 사전에 차량등록 하면 일 주차 10000원으로 자동결제 되어 편합니다. T익스프레스는 나무였네요. 10시 전 일찍 가서 부지런히 움직이면 좋아요. 나오는 길에 인생네컷 꼭 들러보길 추천해요.
5.0,2025.5.1.,울애기들 첫에버랜드💚8살 10살방문했어요. 오픈런 하려면 두시간전에 미리도착하세요. 발렛주차 전날 예악하거나 유료주차장 이용!! 10시 다되서 도착하시면 무조건 1주차장으로 쏘세요.무료셔틀타는게 빨라요. 입장하자마자 스마트 줄서기하기!! 웨건이나 유모차 꼭 간이의자!! 챙기세요. 웨건 대여 되지만 챙겨가면 아낄 수 있어요. 오랜줄서야할때 간이의자 요기나요.에버랜드 비싸요.  도시락.간식.물.음료 영상보여줄핸드폰 꼭 챙기세요. 한시간씩 줄서있을때 간식.밥 먹으면서 시간을 아끼세요. 여벌옷 두개챙기거나 비옷.수건챙기세요. 썬더폴스 아마존탈때 옷 젖어요. 에버랜드 옷.비옷 비싸요ㅠ 물 놀이기구는 최대한 나중에 아니면 처음에 타고 말리세요.신발도 젖어요. 불꽃놀이 보시면 점퍼 콕 챙기세요6시부터 추워져요.
5.0,2025.3.31.,오픈런하고 평일이니까 사람은 없겠지 했지만 엄청난 인파와 수학여행 온 학생들로 정신은 없었지만 사파리투어를 시작으로 판다월드 로스트밸리 티익스프레스까지 섭렵한 나 자신이였습니다 ㅎ  스마트 줄서기는 일행중에 대표자가 예약해야 좋지만 줄서기를 하고 난 후에 다른곳은 입장후에 가능하지만 거의 한번만 줄서기가 가능하다고 보면 될거 같아요  그래도 현장 줄서기로 여러 어트랙션도 타고 3시 이후부터 사람이 빠져서 티익스프레스는 짧은시간에 탔어요  동물들을 관람하는 어트랙션은 오후 5시에 마감하니 참고하면 좋을거 같아요~  마지막으로 가는길에 벚꽃은 없었지만 튤립이랑 날씨가 좋아서 사진찍기 좋았어요 주크박스(불꽃놀이)는 체력과 회사출근으로 인한 패스~
5.0,2025.10.31.,평일이지만 사람이 많아 동물구경하고 있어요. 날씨가 화창하니 나들이겸 좋네요.
3.0,2025.5.5.,탈거리가 많은데 많이 기다려야 해요.특히 사파리존!스마트 줄서기를 해야지 판다 볼 수 있고 사파리는 스마트 줄서기 않하면 약 3시간 기다려야 해요.또 사파리 근처에 동물원이 있어서 기다릴 때 심심해 하지 않을수 있어요.또 지도 없으면 밤 되면 길 거의 못 찾아요.
5.0,2025.4.21.,"한 오백년만에 방문한 에버랜드! 일요일에 방문했는데, 별 생각 없이 갔다가 주차하는데만 30분 걸렸어요🥲 IC나온게 9시 30분이었는데, 혹시 정문 주차 원하시면 미리 예약하거나 더 일찍 가세요! 썬더폴스는 스마트줄서기했고, 티 익스프레스와 아마존은 각각 30분, 50분 기다렸어요. 산리오 + 튤립축제로 사람이 어어어어엄청 많았지만, 그래도 여전히 예쁜 에버랜드. 먹을거리도 많고, 오랜만에 본 퍼레이드도 재밌었고 무엇보다 날씨가 기가막혔어요☀️ 사람이 많아도 환상의 나라 에버랜드는 사랑입니댜아🎡"
5.0,2025.12.28.,유일하게 여기에서 데몬헌터스 불꽃쇼 를 보게되어 저의 딸에게 특별한 크리스마스 이브가 되었습니다.
5.0,2024.11.20.,"용인시 최고 아웃풋 에버랜드. 경전철과 시내버스가 많이 다녀서 위치 접근성은 나쁘지 않다. 다만 롯데월드의 접근성에 비하면 ...  어느 플랫폼에서 가격 할인 혜택을 받느냐에 따라 자유이용권 가격이 다르다. 정가에 가면 손해니 꼭 가기 전에 다양한 플랫폼에서 구매하시길. 월요일 오전 11시쯤 갔는데 사람이 별로 없었다.  바이킹 2, 아마존 3, 썬더폴스 2, 범퍼카 1, 판다랜드, 롤링 2, 티익스프레스 1 확실히 주말보다 평일에 가야 재밌게 즐길 수 있을듯.  에버랜드 어플 설치하면 대기시간을 볼 수 있는데 월요일은 티익스프레스가 13시부터 열어서 롤링에 많이 몰리는 편.  가성비 있게 배부르게 먹고 싶으면 김치찌개 파는 한식집 추천. 성인 남자 기준으로 공기밥 1개만 더 시키면 배부르게 먹을 수 있다.  스타벅스, 폴바셋이 있고 에잇세컨즈 옷가게가 있다.  제일 에버랜드에서 아쉬운 점은 롯데월드 회전목마처럼 중요한 포토스팟이 없다는 점이다. 유일하게 에버랜드 왔다는 것을 자랑하는 큰 나무도 불에 타버렸으니 흠....."
5.0,2025.5.6.,오픈런은 하지 못했어요; 11시 도착 후 11시 30분에 입장! 산리오랑 콜라보해서 꽃밭이 온통 다 산리오인게 너무 귀여워요. 또 구석에 사람들이 줄 서 있는 곳을 보면 쿠로미 집이 있어요! 안으로 들어가서 QR코드를 찍으면 미니게임(?)을 할 수 있어요. 로스트 밸리는 줄이 너무 길어요. 그래도 안에 물 서는 동안 동물들이 있어서 기다리기에는 안성맞춤이었습니다. 바이킹은 입구에서 오른쪽으로 꺾어서 쭉가면 나오는데 줄이 초반에는 없다가 나중에는 많으니 처음에 들어가자마자 타시는 거 추천드려요! 마침 야구를 꽃밭에서 틀어주셔서 놀다가 지쳤을때 밥먹으면서 잘 봤습니다~ -2025.05.04
2.0,2025.2.12.,"1976년에 개장한 이후 꾸준히 발전하며, 한국의 대표적인 관광 명소로 자리 잡고 있습니다.  주요 특징 1.놀이기구와 시설: •에버랜드는 T 익스프레스, 허리케인, 더블락스핀 등 다양한 스릴 넘치는 놀이기구와 주토피아라는 동물원을 갖추고 있습니다. •로스트밸리는 사파리와 같은 야생 동물 체험을 제공하며, 아메리칸 어드벤처와 같은 테마 구역도 마련되어 있습니다. •캐리비안 베이는 여름철 워터파크로 운영되며, 다양한 물놀이 시설을 제공합니다. 2.운영 정보: •운영 시간: 매일 오전 10시부터 오후 10시까지 운영되며, 계절에 따라 변동될 수 있습니다. •입장료: 날짜 지정 종일권을 포함한 다양한 티켓 옵션이 있으며, 온라인 구매 시 할인 혜택이 제공됩니다. 3.전시 및 이벤트: •에버랜드는 계절마다 다양한 테마 전시와 퍼레이드를 개최하여 방문객들에게 각기 다른 경험을 제공합니다. •특히 봄에는 아름다운 꽃놀이가 가능하며, 가을에는 단풍이 아름답습니다. 4.접근성: •주소: 경기도 용인시 처인구 포곡읍 에버랜드로 199 •교통: 셔틀버스 및 대중교통을 통해 쉽게 접근 가능합니다.  추천 동선 •동물원(주토피아) 코스: 사파리월드, 로스트밸리, 팬더 등 동물원 구역을 먼저 방문한 후 놀이기구를 즐기는 것이 좋습니다. •놀이기구 코스: T 익스프레스, 허리케인, 더블락스핀 등 스릴 넘치는 놀이기구를 중심으로 계획하는 것도 추천됩니다.  주변 관광지 •한국민속촌: 전통 문화 체험을 할 수 있는 역사적인 장소로, 에버랜드와 함께 방문하기 좋습니다. •캐리비안 베이: 여름철 워터파크로, 에버랜드 내에 위치해 있어 함께 즐길 수 있습니다."
4.0,2024.6.10.,"어트랙션이 낡긴 했지만, 소풍에 수학여행에 가족 단위 손님들까지 늘 인산인해더라고요. 적당히 하루 보내긴 했는데 긴 시간 줄서서 대기해야 합니다. 요즘 같이 더울 땐 Q패스 쓰실 거 아님 피하셔요."
4.0,2025.10.12.,오래기다려야하는거외엔 아이와 즐거운시간보내고왔어요
5.0,2024.10.2.,"오랜만에 에버랜드에 방문했습니다. 그리고  수학여행과 겹쳐서 그런지 비가 많이 오기도 했는데 공휴일이라 그런지 사람이 굉장히 많았습니다. 그리고 판다월드에 갈꺼면 스마트 줄서기를 하니.. 입장하자마자부터 빨리 연타하셔서 줄서기 성공하세요! 그리고 우천 때문에 놀이기구가 늦게 여는게 많습니다.. 특히 콜럼버스는 거의 4시 다되갈 때 열었다는 점.. 아무튼 지금 할로윈 시즌이어서 분장도 하고 다니는 사람들도 많습니다. 그리고 사람들도 엄청 몰리고요.. 그리고 여기서 먹은 간식거리를 얘기하자면 판다월드에 있는 카페에서 바오초코크림츄를 먹었습니다. 양에 비해..가격은 비싸지만.. 맛은 좋습니다! 그리고 땅콩버터오징어를 파는데가 있는데, 몸통과 다리도 고를 수 있고.. 이게 진짜 맛있어요.. 그리고 슬러시인데 이게 물병도 줘서 은근 좋습니다! 날씨 좋을 때 방문하셔서 재밌는 체험도 많이 해보시면 좋을 것 같습니다!!"
5.0,2025.8.20.,불꽃축제와 퍼레이드 그리고 워터밤 행복했어요
4.0,2024.10.20.,"50% 할인 적용되는 카드가 있으시면 할인 티켓 구매 후 방문을, 없다면 쇼셜커머스로 구입 후 방문 하시길 추천합니다!!  다양한 동물들을 볼 수 있고, 스릴 넘치는 어트랙션을 타기 적당한 놀이공원^^ 날 좋은 가을날 가족과 함께 즐거운 추억을 만들었습니다♡"
5.0,2024.10.3.,"역시 에버랜드 오랜만에 왔는데 평일인데도. 오픈 전 인데도...사람 엄~청 많네요. 이번에 게임문화축제, 디아블로 4 아마존, 블러드 시티 지금 우리 학교는, 기묘한 이야기 등등 다양한 이벤트 행사 콜라보를 하고 있어가지고 갔는데 너무나 만족스러웠어요!! 특히나 마지막에 불꽃놀이 축제 진짜 엄청 좋았습니다. 보는 순간 내내 소름이 계속 돋을 정도로 임팩트가 엄청났어요!!"
4.0,2025.2.3.,주말 겨울인데 사람들 많다 사람 많을때는 인기 있는 놀이기구는 별도로 패스권 필요 할듯 오랜만에 가봤는데 넓고 잘해 놔네요
1.0,2025.5.14.,2025년5월14일 기준 과거에 비하면 식당들 음식 품질이 완제품 위주로 사용 해서 그런지 맛은 상당히 향샹되었으나 수학여행등 입장객이 많은 것에 비해 운영 안하는 매장이 많다.  그리고 공사나 기타 이유로 이용못하는 시설 장소가 많다.  놀이공원 하면 퍼레이드 인대 공연 하는 사람이 없어 썰렁함  로스트벨리 수륙양용차 물에 안들어감
4.0,2024.5.5.,"2024년은 튤립축제가 6.16까지인줄 알고 5.4 방문했는데 4월말에 이미 끝났다네요. 이런.. 날씨가 너무 좋았고, 생맥주 한진 시켜서 먹는데 외국 온거처럼 바람 시원하고 너무 좋았네요. 근데 닭꼬치가 1개 6천원인데 너무 맛없고, 생맥주도 살짝 김 빠진 느낌에 별로 시원하지도 않아서 아쉬웠습니다. 그래도 명색이 에버랜드이고 돈을 낼만큼 내는데 음식 퀄리티를 저렇게 밖에 관리가 안된다니 관리자는 반성을 좀 해야합니다. 튤립은 없었지만 다양한 다른 꽃들도 많고, 내려가고 올라갈때 모두 휴먼스카이 리프트를 타봤는데 많이 안기다리고 편하고 좋았네요. 대기하면서 보니 휴먼스카이 제조연도가 1988년 ㅎㅎ 무려 36년이나 됐는데요. 자세히 보니 세월의 흔적이 많이 보이네요. 3일 연휴다보니 에버랜드 들어가는 길의 고속도로가 엄청 막혔어요. 에버랜드 입구에 있던 커다란 인공 나무 조형물이 몇년 전에 화재로 불에 타버렸다는 TV 뉴스를 봤는데 이번에 가보니 그 자리에 대형 펜더 조형물이 대신 서있는데 멋졌어요. 푸바오는 중국으로 떠났지만 펜더랜드는 줄이 너무 길어서 대기시간이 2시간은 걸릴거 같아 들어가진 않았습니다. 대신 호랑이, 원숭이, 펭귄, 바다사자, 알파카 등 동물들 보는 재미도 쏠쏠하게 재밌음요."
5.0,2025.5.20.,"10년만에 간 거 같아요. 로스트 월드는 진짜 운좋게(!?) 1시간 반 기다렸네요. 에버랜드 앱 깔아사 입장하자마자 스마트 패스 대기 걸어야 합니다. 운 좋게??! 썬더폴스 스마트패스 대기 걸었는데 20분 정도 기다렸고, 무조건 젖어요. 젖기 싫으면 우비랑 슬리퍼 챙기시길.."
5.0,2024.5.24.,"넓은 테마파크를 걸으며 젊음의 분위기를 만끽하는 걸로도 충분히 기분이 산뜻해집니다. 놀이기구 타러 가는 놀이공원 이상의 의미가 있는 복합공간입니다. 특히 동물과 식물, 자연을 누리기에 좋습니다"
5.0,2024.10.26.,말해모해영 꿀잼 에버랜드죠 지우학 할로윈 시즌이라 분위기가 훨씬 스산했어요 날이 좋아서 그런가 사람들은 엄청 많아서  입장부터 폐장까지 있었는데 꾸역꾸역 10개 탔네요.. 사람들이 너무 많았어요.. 놀이기구 기본 대기시간은 90분~100분 전투적으로 안움직이면 10개 절대 불가능이에요!!
4.0,2025.3.8.,2024.11.01  진짜 오랜만에 에버랜드에 갔어요  차타고 갔으며 주차장은 넉넉했어요~~  나이를 더 먹고 가서인지 잘 모르겠지만 약간 노후된 느낌을 받았고 입구도 좀 휑한 느낌?? 옛날에 갔을땐 할아버지 나무 같은 것도 있고 좀 그랬던 거 같은데~~  무튼 이것저것 잘 탔는데 막 엄청 재밌진 않았어요 근데 역시 티익스프레스는 제일 재밌어요 진짜 2-3번 타고싶은데 줄이 너무 길어서 아쉬워요 ㅠㅠ  밤까지 잘 놀고 불꽃놀이도 보고 집에 잘 갔습니당  자주 생각나진 않지만 3-5년이 한번씩은 생각 나는 곳인 거 같아요 ㅎㅎ
5.0,2024.10.22.,"환상의 나라 에버랜드! 요즘 학생들 소풍시즌인지 사람이 엄청 많아요. 그래서 그런지, 평일에 방문했어도 제일 인기 있는 T EXPRESS는 두 시간 기다려서 탔어요. 하지만 그만한 가치가 있었어요. 티 익스프레스 최고!"
5.0,2024.11.5.,2024년 11월 2일 토요일 가든 테라스  예약석  한테이블이 갑자기 생겨서 오랜만에 가봤다. 4명 12만6천원 6시부터 폭죽쇼 끝날때까지 지정자리. 중간에 짐놓고ㅈ나갔다 와도 된다. 8시50분까지 식사마치고 식기 반납 후 폭죽쇼 관람. 앉아서 보니 편하드만. 다만 측면이라  다음에는 정면에서 볼수 있는곳 예약 해봐야겠다. 불꽃놀이는 언제나 멋있따. 끝나고 허리케인을 애들이 탔다. 거기직원 증말 멋있다. 마지막타임까지 꽹과리 치고 열정적으로 일하는 모습. 에버랜드에서 시킨거 아니면 상줘라~ 집에 오니 밤12시. 무진장 피곤허다.  내일 수영대회 나가야하는데 큰일이네  ㅠㅠ
5.0,2025.9.19.,어렸을적이나 지금이나 환상의나라에오면 여전히설레고 그냥 즐거움..
4.0,2025.7.9.,사람은 많지만 즐거운 곳 동심으로 돌아갈 수 있어여 ^^*
5.0,2024.9.10.,가족 친구 등 친목을 다지기 위해 갈만한 장소로 에버랜드 만한 곳이 없다고 봅니다. 어른들도 한 때 놀았던 동심의 세계로 돌아가니까  바리바리 음식 음료를 싸간다면 웨건이나 바퀴달린 장바구니는 필수입니다. 가격이 저렴하지 않아요~
5.0,2024.4.30.,"평일 노려 갔지만 너무나 많은 사람들에 놀랐다 푸바오는 갔지만 쌍둥이바오들 덕에 기분이 좋았고 여러동물들과 놀이기구, 공원등으로 즐거운 하루를 보낼 수 있었다 앱을 이용해서 입장하고 들어서면 바로 앱을 통한 스마트 줄서기를 해서 판다월드부터 보도록합시다 평일 관람 10분 주말 관람 5분 참고요"
4.0,2025.5.1.,4월 초에 체험학습으로 갔는데 극성수기 보다는 사람이 많이 적었습니다. 다양한 놀이기구와 편의시설이 있습니다.
5.0,2025.5.5.,재미있는 놀이공원 입니다! Q pass라는 줄 면제권이 있는데 살짝 비싸요...(58000원...?) 동물원이 함께 있어요... 무엇보다 재미있는 건 T 익스프레스 아닐까요?
5.0,2025.11.14.,아이들이 좋아하는 곳 최고의 놀이동산!!! 너무 기다려서 힘들었던곳이기도 함
4.0,2023.10.25.,아침9시쯤 도착해야 수월하게 진입가능 판다월드 또는 사파리는 오전에 입장 후 바로 스마트줄서기 해야만 입장가능 오후2시부터는 현장줄서기 가능 사파리는 직원이 오후 1시반부터 모여서 줄서라고 하는데 1시부터 이미 줄 길게 서있음 매번 줄 서는 곳이 다르다고 하는데 그건 아닌것 같음 사파리 뒤쪽 식당맞은편에 서니 그쪽에서 기다려야 함
5.0,2025.6.27.,"공연도 재밌었고, 장미정원도 멋졌어요!! 뜨거웠지만 다녀온 날 놀이기구를 30분정도 기다리면 거의 탑승가능해서 수월히 좋았어요~~"
5.0,2023.10.9.,매년 가는거지만  올해 토요일은 작년보다 사람이 적었음 조기입장 9시40분전에 줄서서 기다리는데  앞사람  제외 3팀이 더 낑겨 짜증남 이것좀 개선하면 좋겠음 친구가족 모임인거 같은데 웨건유모차 3개나 더 낑기고 자리 맡아논것도 아니고 누구는  그런거 몰라 새벽부터나서 8시에 미리 줄서겠냐고요. 이것 빼고 다좋음 ㅎ
5.0,2024.2.19.,방학이라그런지 사람이 엄청많네요 에버랜드  놀이기구도 놀이기구인데  동물을 좋아해서   동물위주로  보게되더라구요  푸파오...  놀이기구보다 줄이 길었어요..  놀이기구는 60분 쯤일때 푸바오는 260분이였습니다..  결국 푸바오 못봄..
5.0,2023.9.14.,애버랜드 애버랜드~ 더운 날씨에도 주말이라 사람이 많았습니다  스마트줄서기 서비스를 이용하여 오전에는 편리하게 기구를 이용 가능합니다  푸바오의 인기가 많아지며 판다랜드를 찾는 사람이 많고 역시나 사파리 같은 시설은 입장과 동시에 스마트 줄서기가 매진될정도로 열기가 뜨겁습니다  판다랜드는 관람시간이 5분으로 제한되면서 빠르게 순환되며 줄이 아무리 길어도 기다릴만 합니다 내부 식당은 어디나 맛있고 굿즈와 같은 기념품 샵은 지갑을 열게하는 상품들도 많이 있었습니다  역시 애버랜드 쵝오
5.0,2023.8.23.,평일에 비도 많이 오는 날이라 운행하는 놀이기구가 굉장히 적었지만 그만큼 여유롭게 즐겼습니다  운행하는 기구가 적어서 대기 시간은 길었지만 북적거리는걸 좋아하는편이 아니라 오히려 더 즐겁게 놀다가왔어요  사실 목적은 샤이니 굿즈를 구매하러 가서 놀이기구와는 상관없었습니다  그래도 재밋게 놀다가 왔습니다
5.0,2025.5.6.,5월 덥지도 춥지도 않고 아주 쾌적한날 더군다나 방문객도 적어서 원 없이 놀이기구 탐 T익스프레스는 무려 4번이나 탐..!!
5.0,2024.4.28.,"두달만에 다시 들렀어요.  이날은 아침부터 비가 엄청 내리는 중에 10시 좀 넘겨서 도착하고 보니 1주차장부터 휑하니 비어 있더라고요. 주차장에 7~8줄 정도 주차되어 있고  1/3도 안되는 차량 점유율이었네요.  정문 주차장은 유료라서 무료인 1주차장부터 가보자 해서 왔는데 새벽부터 내린비로 다들 취소 하신분 많이 있는가봐요.  우의부터 챙겨 입고 아이 챙겨서 우산까지 쓰고 셔틀정거장으로 가니 열명 남짓 줄서 계신분 있고 미리 타고 계신분 해서 스물 남짓되네요. 게이트 입구에서도 한산해서 바로 입장하였고 비는 계속 내리니 눈에 보이는 방문객을 세어봐도 백명도 안되는 정도여서 입장부터 스마트줄서기까지 10~20분 정도더라고요.  날씨 좋은 주말엔 기본대기 60~90분은 기본이었는데 비 맞고 축축해진 신발로 온 덕분인지 방문자 급감해서 대기가 10~20분 혹은 대기없이 바로 입장해서 주토피아와 어트랙션 금방 탈 수 있었네요.  로스트밸리 10분, 아마존 익스프레스 바로 입장, T익스프레스 20분, 판다월드 5분 대기 후 탈 수 있었고, 사파리는 그래도 50분 넘는 대기라서 그냥 패스했네요.  12시 넘으니 비가 그쳐서 그나마 점심먹고 나니 사람들이 늘어서 대기가 30~60분 생기긴 했지만 평소 엄청난 대기에 탈 엄두가 안났던 어트랙션 많이 타보았어요.  비 올때 우의입고 우산챙겨서 한번 도전해보셔요."
5.0,2025.2.15.,에버랜드야 말해 무엇합니까! 대한민국 최고의 놀이 동산이지요! 지방에서는 에버랜드 내 숙박시설 이용 가능 여부에 따라 수학여행 일정이 정해진답니다!!
5.0,2025.5.18.,사람은 많았지만 그래도 재미있는 놀이기구 많이 탔네요. 포시즌스 가든은 산리오 캐릭터 있으니까 끝나기 전에 가 보세요!!!!
5.0,2025.4.26.,역시나 사람은 너무 많았던... 그래도 올해 제대로 못본 벛꽃을 볼수 있어서 좋았어요!!
4.0,2025.11.18.,오랫만에 갔네요. 하필 추운 날에
5.0,2023.10.25.,"오랜만에 다녀온 에버랜드! 월요일이었지만 가을이라 사람들이 꽤 많았고 북적였습니다. 군인은 사전 등록을 하면 무료로 이용할 수 있으니 참고하세요. 꿀팁 몇개 알려드리겠습니다!  대중교통을 이용할 경우 에버라인 전철을 타고 종점까지 오거나 버스를 타고 노선버스 터미널까지 오시면 됩니다. 버스로 터미널에서 내리면, 매표소까지 도보로 갈 수 있어요.  자가용으로 오시는 경우, 주차는 매표소 바로 앞에 위치한 유료 주차장을 이용하거나 좀 더 멀리 떨어진 무료 주차장을 이용하고 무료 셔틀버스를 타고 오시면 됩니다. 매표소 앞 유료 주차장의 경우 넉넉하게 개장 전에 오셔야 자리가 있으니 참고하세요.  에버랜드 앱 다운은 선택이 아니라 필수입니다! 🥺 스마트줄서기를 써야 하기 때문이죠. 이걸 쓰면 줄을 안쓰고 비교적 빠르게 입장이 가능하니 꼭 사용해보세요. 또한 시기별로 스마트줄서기로 이용할 수 있는 어트랙션이 달라지니 공식 홈페이지와 어플을 반드시 확인하고 방문합시다. 참고로 매표소를 ‘통과한 시점’부터 어플로 줄서기를 할 수 있으므로, 늦게 오면 스마트줄서기를 이용할 수 없어요. 따라서 뽕 뽑으시려면 개장 1-2시간 전부터 미리 기다려야 합니다. 다시 한번 말하지만 스마트줄서기는 정말정말 편리하니 꼭 이용해보세요!  추가로 남들 점심 저녁 먹는 시간보다 조금 이르게 움직이시고, 스마트줄서기 성공하시면 극성수기가 아닌 이상 꽤 편하게 즐길 수 있습니다. 음식은 포시즌스 가든 근처에 위치한 한가람(한식) 추천드려요 😉  열심히 움직여서 열심히 뽕뽑고 가봅시다! 파이팅 🔥"
5.0,2023.11.3.,"역시나 늘 사람이 많아요. 한참을 기다려서 푸바오를 봤어요. 운이좋게 활동중인 푸바오와 러바오를 봤고, 누워서 대나무 뜯어먿는 러바오가 너무 귀여웠어요."
5.0,2024.6.1.,"아이들과 시간보내기 좋은곳 주차장에 셔틀 운행하며, 음식도 밖과 비교했을때 많이 비싸지 않음 어플로 스마트 줄서기도 가능해서 에버랜드 어플 깔고 가시는걸 추천함 대기 줄이 대부분 길어 접의식 의자 필요함 안에서 구입하면 19000원 임, 쿠팡에서 구입해서 오시길  36개월 이하 무료입장 통신사 40프로 할인임 티켓 구매시 사용하는카드 직원에게 보여주면 할인되는지 여부 알려주심"
3.0,2024.3.26.,오랜만에갔는데 비와서 다 망함. 푸바오밖에 볼게 없는데 줄이 너후 길어서 못봄. 튤립 꽃밭 너무 작음 하지만 귀여웠음. 20년만에 갔는데 시설이 낡았음.. 그래도 맑은날 또 가볼 예정임
4.0,2023.10.25.,"동물들과 하께 하는 멋진 체험의 시간이었습니다. 그런데, 사람들이 너무 많이 기다리기 힘들었어요. 밥 먹을 곳도 다얕하지 않고요. 시설도 몇 년과 다름이 없어서 실망했어요"
5.0,2024.9.12.,"일본 디즈니랜드보다 크고 놀이시설도 많고 구경거리도 많고 역시 최고의 에버랜드입니다.  단지 음료나 생수, 식사 비용이하루종일 있다면 10만원은 예상하셔야합니다"
5.0,2024.5.2.,"푸바오덕에 더욱 방문자가 많아진 에버랜드입니다. 사파리, 로스트밸리 등 동물구경하기 좋고, 중간중간 공연도 재미있고, 놀이기구도 많아서 하루종일 즐겁습니다. 다만 기다리는 시간이 길어서 아이들 조금 힘들어하네요."
5.0,2024.11.3.,학교 체험학습으로 갔다 왔는데 식당 맛있는곳도 많고 볼것도 많고 탈것도 많다 다만 아마존에서 퍼포먼스를 못 봐서 아쉽다.
5.0,2025.2.17.,에버랜드는 놀이기구를 타며 즐기는 것도 좋지만 자주 방문할 수 있거나 정원 테마를 좋아하신다면 장미정원과 하늘정원 그리고 포시즌스 가든을 둘러보는 것도 좋은 선택입니다!
5.0,2024.1.19.,동물들도 꽤 많이 있고 식당 종류도 다양하고 맛있었어요 놀이기구 대기시간은 20~40분 정도에요 봄에 가면 딱 좋을 것 같네요
5.0,2023.5.10.,회사행사로 오래간만에 방문했는데 좋았습니다 어트랙션은 사파리 로스트벨리 이렇게 동물들만 보긴했는데 가정의달이어서인지 사람이 정말 많았습니다 놀이기구 많이 이용하실분들은 입장과 동시에 가장 오래기다릴꺼 같은 곳을 예약하고 나머지는 현장줄서기로 진행을 추천 동물들 보시는 분들은 차랑왼쪽으로 탑승을 추천 입구쪽 토끼도 예쁘고 야외정원도 너무 예쁘고 놀이기구 타지 않아도 이런저런 체험도 나쁘지 않은거 같습니다 더 더워지기 전에 함 다녀오시면 좋을것같아요
5.0,2024.6.19.,멸종위기동물들이있고 놀이기구도 탈 수 있는 놀이공원이다. 판다를 보기위해 1년에 2번이상은 방문하는데 갈때마다 즐겁게보고 다양한 기념품이 지갑을 열게 만드는 행복의 나라! 오픈런은 안하고 오전10시좀 넘어서 갔는데 바로 입장 가능했고 판다월드도 마감까지 5번 방문하였다. 판다월드 대기시간은 길어도 20분 이내이다.
3.0,2023.11.4.,평일인데도 사람이 엄청 많았음.. 주차장에도 빼곡. 어렸을 땐 마냥 신났는데 크고 나니 놀이기구도 시들하고 돌아다니는 것도 체력 달린다...
5.0,2025.8.9.,수십번 가봤는데 그때마다 이벤트도 많고 재밌음
5.0,2025.6.1.,"결혼안했으면 데이트하러 갈만하고, 애있으면 애들이 너무좋아함..단 부모는 힘들긴 한데 이상하게 좋음. 중고딩때는 걍 놀이기구타기 바쁨 ㅋㅋㅋ 장미 제대로 필 때는 장난아님!"
4.0,2023.11.1.,주말 사람 엄청 많아요 2주차장에 주차하고 셔틀버스 줄서서 기다리는데 어떤 사람들이 울타리넘어 새치기해서 셔틀버스 타던데 제지하는 직원이 없더라고요 사파리 2시간 넘게 기다리는데 안쪽에 화장실이 없어서 불편했네요 그 큰곳에 화장실 안만드는걸까 못만드는걸까요? 넓은데 지도에 가는 길 제대로 안나오고 표지판도 없는곳이 많아 바닥에 표시해주면 찾기 쉽지 않을까 생각했어요
5.0,2021.4.23.,너무 너무 즐겁고 재미있었음 자주는 갈수 없지만 가끔 간다면 너무 좋은것 같아요 거리만 가깝다면 자주 가고싶어요 .. !주차도 카카오로 정산하면 만원이고 안에 들어가서도 평일은 사람이 그렇게 많은 편이 아니라 날씨도 좋고 즐겁게 탈거 다 타고 놀다가 왔어요 ! 추천추천
4.0,2024.4.1.,무조건 1시간 전에는 도착해서 재빠르게 사파리나 원하는 곳을 스마트줄서기로 보기를 강추합니다. 놀이기구 위주라면 동선이 달라지니.. 무조건 계획적인 동선은 필수 지도 마스터 필수
5.0,2024.8.11.,에버랜드 는 뭐 설명이 필요 없죠~! 한국 대표적인 놀이공원.!! 너무 더워서 여름 평일은 돌아다니기 불가~  너무너무 더워요! 돌아다니기 힘들어요. 그래도 축제 보는 재미가 있어요!! 오히려 너무 더워서 그런지 사람이 여름 방학 피크인데 별로 없네요~!! 공연 보기 좋아요! 물축제는 진짜 최고 입니다! 꼭 가보세요! 재방문 의사 완전 있음!
5.0,2023.6.4.,사람들이 많아서 기구탈려면 힘들지만 그래도 꽃구경도하고 불꽃놀이도보고 좋았어요 입장은 10시에 했구요 대기는 8시부터 했어요
5.0,2025.1.30.,방에서 불꽃놀이를 볼수 있어 좋고 시설도 별장느낌에 깔끔하고 따뜻한 물도 잘 나와요
5.0,2024.5.2.,여긴. 극한체험을 하는곳입니다. 어른들한테는.   하지만 퍼레이드도 퀄리티가 좋고.  카페의 커피맛도 좋고. 동선이 효율적이라 좋았음. 단 수리중인 기계들이 좀 있어서 아쉬웠음
5.0,2024.10.15.,"English Review:  I recently visited Everland with my girlfriend, and it was an amazing experience. We enjoyed the wide variety of attractions, from thrilling rides to relaxing strolls through themed zones. The park is well-organized and offers plenty of entertainment for couples, making it a great spot for a date.  A useful tip: while you wait in line for popular rides like the Hurricane, use your phone to reserve tickets for other attractions such as the Safari. This way, you can make the most of your time and reduce waiting.  Korean Review:  지난 월요일에 여자친구와 함께 에버랜드에 다녀왔는데 정말 즐거운 시간이었습니다. 다양한 어트랙션과 테마존이 잘 갖춰져 있어서 커플 데이트 장소로도 손색이 없었어요. 스릴 넘치는 놀이기구부터 편안한 산책까지 여러 가지를 즐길 수 있어 좋았습니다.  간단한 팁을 드리자면, 허리케인 같은 인기 있는 놀이기구를 기다리는 동안 핸드폰으로 사파리 같은 다른 어트랙션 예약을 해두는 게 좋아요. 이렇게 하면 시간을 절약할 수 있어 더 많은 것을 즐길 수 있습니다."
5.0,2023.5.15.,"회사 행사로 다녀옴. 하늘정원 처음 가봤는데, 넘 좋네요. 올라가는 하늘정원길이 구불구불 꽃들이 만발하고, 올라가기까지 약간 힘들기도 하지만 하늘과 바람을 가까이 만날 수 있는 곳. 아기자기한 소규모 야외공연장도 너무나 예쁘고 멋졌어요. 인기있는 탈것들은 역시나 대기시간 한시간 이상이 기본이네요. 놀이공원이라고만 생각했는데, 하늘정원, 장미정원만 둘러봐도 좋은 추억 만들 수 있을듯."
5.0,2022.6.1.,사파리를 목적으로 갔었는데 오랜만에가니까 볼 것도 세상 많고 즐기고 탈 것도 많아서 너무 재밌었어요 8월말까지하는 불꽃쇼라고 해야하나 그거 너무 쩔어요!! 장미축제 중이던데 그곳도 너무 향도 좋았고 그냥 다 좋았습니다 😙 (학생 단체 관광만 없다면 더 행복했을 것 같아요)
4.0,2024.2.23.,오후권 미리구매해서 푸바오보러갔습니다.명절전날 2:30분들어가서 푸바오대기1시간이상걸렸습니다.막뛰어가서 보니 감동이었습니다. 눈썰매 재밌습니다.꼭타세요!!!
5.0,2024.8.4.,"주차하기부터 오픈런. 덥기는했지만 쒼나고 재밌었음. 스마트줄서기로 예약했지만 그거없으면 땡볕에서 더 길게 오래서야돼서 스마트줄서기 예약은 필수. 동선을 잘 짜서 계획하면 오픈부터 두시정도까지 4~5개 가능. 바오가족 보기부터 로스트밸리, 티익스프레스. 아마존. 다시 바오가족. 중간중간 동물들도"
5.0,2024.3.3.,귀여운 푸바오가족 보러 판다월드 190분 줄섰어요 5분이지만 넘 귀여워서 피곤이 싹 사라졌어요 또 줄서고 싶엇지만 줄이 끝까지 너무 길어서 포기했어요 공휴일은 피해서 방문해야겠어요
5.0,2024.1.4.,푸바오PKG다녀왔습니다ㅋㅋㅋ개장전에들어가는PKG라서10분이나바오가족들을볼수있었습니다오랜만에방사장나들이한아이바오도영접해서너무좋았어요사파리는스마트줄서기했는데도70분대기였어요~ 많이들아시겠지만사파리랑로스트벨리같이스마트줄서기안되니까참고하시고요
5.0,2022.9.29.,우리나라 최고의 놀이공원임을 실감했어요. 월요일인데도 사람이 너무 많아서 하룻동안 많을걸 타고 보긴 어렵지만 구역별로 테마가 나뉘어져있어서 볼거리가 많고 각종공연과 퍼레이드로 한시도 지루할틈이 없었습니다. 식당이나 부대시설도 너무 잘되어있구요. 아이들이 있는집이라면 에버랜드에서 즐거운 하루를 보낼 수 있지 않을까싶네요. 잘 놀다왔습니다^^
5.0,2022.4.30.,4/24 일요일 오전 9시쯤 도착했는데 사람들이 넘넘 붐벼서 주차부터 모든게 대기였지만 그래도 가족들과 즐겁고 행복한 시간이었어요~ 티익스프레스와 튤립축제가 가장 기억에 남아요!  하나카드 1+1행사로 A시즌 자유이용권 1장 3.2만원 수준으로 합리적으로 구매했어요  카카오주차 어플있으면 정문앞 종일주차할인(5천원 할인) 및 에버랜드앱 발렛(2.5만) 예약이 매진되더라도 추가로 가능할때도 있어요  *사파리투어가 휴장이라 아쉬웠어요ㅠ (초식동물 위주의 로스트밸리로 대리만족/대기 90분)
4.0,2024.10.27.,"공기  좋음 ,요양하기좋을듯  판다에   미친친구덕분에 판다구역2번감 ㅠㅠ 오전2시까지는  예약제로 운영됨  라인1   그냥  줄서야됨 라인Q  돈더내면됨 판다구역들어가면 10분동안 판다님의  용안을 볼수있음  그옆에내려가다보면 렛서판다가   있음 2마리 있고  꽤 가까이  볼수있음   ,행복함 ^^  사육장  옆이  고성방가의   장임 애기들   미쳐버릴거같음"
2.0,2025.9.20.,걷고 바람쐬고 구경하기 좋다
5.0,2023.10.19.,"꼭 카드 제휴할인으로 다녀오시고, 에버랜드 재미있다! 연휴에 가면 T익스프레스포함 3개 정도 밖에 못 탄다고 봐야함. T익스 대기 2시간30분함, 푸바오 러바오 귀여움!!!졸귀탱, 물범 공연에서 사육사님 목소리가 성우같음"
5.0,2024.4.30.,4-5월에는 튤립이 너무 예쁜 에버랜드입니다! 놀이기구 말고도 뷰가 멋진 곳이 많아요. 특히 하늘 정원 야경은 꼭 보시길 ㅎㅎ 후이바오 인형은 사랑입니다♡
4.0,2019.6.18.,좋아요 평일에 가서인지 한산하고 여유있게 탓어요 특히.사파리 투어가 잼났는데  아쉬운점이 있다면 이전에는 버스에서 고기주고 하더니 이제는 안하네요 근데 주말이라면 북적거려서 힘들었을것 같아요  비올때가니 이동 케이블이 작동하지 않거나 넘 이른 시간에도 작동을 하지 않네요 한여름과 겨울만 피한다면 언제나 괜찮을것 같아요!
5.0,2022.5.28.,"저눈 5/4일날 에버랜드에 다녀왔어요 우선 이 리뷰를 보고계신분들..! 내일 에버랜드를 간다..! 하시는분들 잘 기억해두세요 에버랜드 어플을 다운받아서 스마트 줄서기 라는걸 해야해요 아침에 일찍 마감이되니, 에버랜드 오픈시간에 맞춰서 스마트줄서기를 해두시는걸 추천합니다 ㅠ 안그러면 오후 2시까지는 할수있는게 아무것도없어요 ㅠㅡㅠ…. 현장줄서기 되는 친구들이 많지않습니다.. 아니 거의 없는듯요… 저희는 12시쯤갔더니 전부 스마트줄서기로 예약한사람들만 입장가능해서 할게없었어요 밥이나먹고 시간이나 떼우러 돌아다녔죠 왜 2시냐면 2시부터 거의 모든 놀이기구들이 현장줄서기를 시작해요 그전에는 의미없음 인기많고 원래도 줄이긴 사파리같은애들은 12:30-1시부터 미리 줄을 서더라구요..ㅎ 어쩌면 그것도 현명할수있어요 저 사파리 2시간30분정도 줄섰거든요 ㅋㅋ…. 근데 애초에 낮부터 사파리에 줄서면 다른 놀이기구들을 즐길수없어요 아이와 함께가는 분들의 경우 아이가 지루해할수도있구 ㅠ 그래서 저는 우선 12:30에 가서 돌아다니고 밥부터 사먹었어요 저희가 간날은 여러 학교에서 소풍을 왔는지 초 중 고 학생들 단체가 많아서 밥먹는곳도 다 줄이 길었답니다… 그렇게 줄서서 밥먹고나서 우선 가장먼저 바다사자들 공연도보고 앵무새와 기타 새들 공연도 보고(시간 잘보고 맞춰가셔야해요!) 팬더도 보고, 내려오는길에 원숭이들있는 스페이스도 다녀왔어요! 오는길에 야외에 있는 알파카랑 카파비라랑 사막여우 친구들도 보고 새 모이주는 체험도 하고 그렇게 할거다하고 볼거다본뒤에 거의 마지막시간쯤 되어서야 사파리 줄을 섰어요 로스트밸리와 사파리중에 선택해야하는데 저는 개인적으로 사파리를 추천해요 사파리가 육식동물인데 육식동물이 훨씬 가깝고!! 아이들이 좋아하는것같아요 ㅎㅎ 일단 둘중에 하나만 보는게 시간적으로 이득이에요 저번에 갔을때는 두개다 보려고 욕심냈다가 그 두개 이외에 아무것도못봤어요..ㅎㅎ……. 또하나는 저희는 입장권이 있어서 패스를 따로 안샀지만 입장권에 돈을 더 주고 퍼스트패스(?)되는 입장권을 구매하세요… 그러면 다 보실수있어요 ㅎㅎ… 그렇게 열심히 돌아다니다보면 8시쯤 퍼레이드도 하는데 아이들이 이것두 환장하구 좋아합니다 ㅠㅡㅠㅋㅋㅋㅋ 퍼레이드끝나고 중앙광장에서 BTS 뮤직비디오와 노래메들리와 불꽃놀이도 볼만했어요 불꽃놀이는 마지막이 하이라이트니 꼭 끝까지 보고오세요 멋있어요 이렇게해서 저는 폐장시간까지 정말 꽉채워서 알차게 놀다왔어요 여러분들도 에버랜드 알차고 즐겁게 다녀오세요~~^^"
5.0,2024.4.9.,아주 좋은 추억 가지고 돌아갑니다.  주차는 아주 오래걸렸습니다. 저 멀리 떨어진곳에 세우고 셔틀버스를 타고 놀이공원으로 입장했습니다.  티켓은 놀이의 발견이라는 앱에서 구입하였습니다만 개인으로 가실땐 네이버의 에버랜드사이트에서 명시된 은행카드로 구입하시면 2만7천원대로 1인 1장 구입할수 있었습니다. 밤8시정도면 음식점들이 마감을 시작해서 재료소진 되었다고 못들어 가니까 싸가시거나 미리 사드시는걸 추천합니다. 야경도 멋졌고 불꽃놀이도 아이들 만화와 섞어서 신선했습니다.
5.0,2022.12.27.,크리스마스에 에버랜드 조왔다 두 시간 반 정도 있다 나왔는데 추워서 그런지 아니면 크리스마스 데이트 갔는지 사람이 별로 없어서 짧은 시간에 놀이기구를 꽤 많이 탈 수 있었다 입구에는 여기서만 찍을 수 있는 에버랜드 프레임 인생네컷도 있고 놀이공원답게 머리띠도 많았다 너무 추운것에 비해 대부분의 어트랙션 대기줄에는 히터나 그런 것들이 없었다 아무튼 좋은 데이트였음 크리스마스 에버랜드 강추 티익스프레스 운행 안 해서 아쉬웠다ㅠ
4.0,2024.4.18.,볼것도많고 탈것도많고  퍼레이드  너무좋고  폭죽도  스토리가 틀리고  늘똑같지 않더라구요  갈때마다 틀린  이벤트를 볼수 있을거예요 무엇보다 동물들 보는 재미가  젤 좋지요~~^^
5.0,2022.7.2.,한 20여년만에 간 것같은데 시스템이며 시설이며 아주 효율적이고 예쁘게 잘 조성되어있어 다 못 보고 못 놀고 왔네요 다음에 계절이 바뀌면 또 가봐야 겠어요 여름에 물 세레도 싫지 않고 웃음만 나오고 좋아요 카드별로 많이 할인 되니 꼭 종류 별로 가져가세요
5.0,2019.6.17.,"일단 되실수 있으면 평일날 가세요. 방학 때 말고 주중에 가시면 사람도 비교적 훨씬 적고 놀이기구도 많이 타실 수 있어요. 할인은 최대한 많이 받으세요. 군인, 학생, 공무원 등 할인 많이 하니까 자기에게 맞는 할인 고르셔서 좋은 시간 되세요^^"
5.0,2023.5.1.,아이들과 같이 산책하기도 좋고 청소년기 학생들끼리 놀러오기도 좋고 가족들과 나들이 오기도 좋아요 남녀노소 가리지않고 모두 즐길 수 있는 놀이가 있어요! 커플이 최고 많지만요 ㅋㅋㅋ 사람이ㅠㅠ 많네요 눈치게임실패지만 저녁까지 있으니 꽤 많은 놀이기구를 탔고 구경도 잘 했어요 간만에 갔는데도 👍역시 👍 다리는 아프니까 편한 신발 꼭..휴 ㅋㅋㅋㅋㅋ 집에오니 1시 미쳤다
5.0,2023.7.17.,"너무나 즐거운 시간을 보내서 만족!  비오는날도, 많이 안내리면 개장을 하더라구요. 오히려 사람들이 적어서 더 좋았던것같아요~ 티익스프레스 고작 30분 기다렸습니다. 로스트벨리는 스마트예약으로 바로입장했구요.  푸바오 및 여러 판다들을 보고 돌아갈수있는게, 가장 좋았어요. 현재 95.6키로라나 ㅋㅋ  내부에 락커가 있어서, 캐리어도 맡기고 돌아다닐수있습니다. 락커는 4000원쯤? 했던것같아요.  즐거운 시간보내세요~"
5.0,2023.7.31.,"#에버랜드 (23.07.25 / 밍) -.푸바오를 보기위해 오픈런 함. -.09시 조금 넘어서 도착했는데, 사람들 줄이 조금 길었음. -.너무 덥기 떄문에 양산을 준비하는걸 추천. -.10시부터 입장 가능하고 입장하자말자 스마트줄서기로 판다랜드 줄서기 함. -.20분 정도 기다린뒤에 들어갔고, 푸바오를 볼 수 있었음. -.푸바오처럼 놀고 먹고 하고 싶은 생각이 들었음. -.판다랜드 들어가면서 사파리 스마트줄서기 예약했고 180분 대기시간 뜸. -.날이 너무 더워서 12시쯤 나옴. -.요즘 워터밤 행사도 한다고 함. -.에버랜드 메인 나무는 불타서 공사중. -.동물들도 더워서 그런지 그늘에 쉬는 애들이 많음. -.정문 주차장은 09시 조금 넘으니 거의 꽉참.  #24.09.22 (밍가) -.나이트 사파리 예약하고 방문. -.나이트사파리 입장권 외 에버랜드 입장권을 따로 발권 해야 됨. -.야간 이벤트가 많이있어 늦게 갔지만 사람들은 많았음. -.야간 사파리는 처음이지만 그렇게 특별하지는 않음. -.호랑이가 점프해서 나무에 올라가 만족시켜 줌. -.야간 퍼레이드까지 보고 귀가.  #24.10.05 / 긔팸  #Everland -. Open-run to see Fubao. -.I arrived a little after 09:00, but the line of people was a little long. -.It is recommended to prepare a parasol because it is too hot. -.You can enter from 10 o'clock, and as soon as you enter, line up for Pandaland with a smart line. -. After waiting for about 20 minutes, I went in and was able to see Fubao. -.I wanted to play and eat like Fubao. -. I booked a safari smart line while entering Pandaland, and the waiting time was 180 minutes. -. It's too hot, so I came out around 12 o'clock. -. These days, there is also a water night event. -. The main tree of Everland was under construction due to a fire. -.There are many children resting in the shade because the animals are hot. -.The parking lot at the front gate is almost full since it's a little past 09:00."
5.0,2023.4.19.,"일단 주토피아에서는 기린 간접 체험을 할 수 있는 207번 로스트 밸리 추천 합니다. (어린이가 있다면 ㄷ더더욱 추천 합니다~~)  그리고, 유러피안 어드벤처는 스릴 있는 거 좋아하는 분들은 157번 T 익스프레스 추천합니다. 어린이들과 함께 탈 만한 걸 타고 싶으면 156번 스페이스 투어나 152번 페스티벌 트레인을 추천합니다. (154번 슈팅 고스트는 애들 입맛 이긴 한데 슈팅건이 무거워서 비추할게요.)  매직 랜드는 대부분 애들 입맛에 딱 맞는 곳인데요, 애들은 110번 매직 쿠키 하우스 추천합니다. 또, 어른이나 청소년들은.....어...107번 썬더폴스 추천합니다~~~  아메리칸 어드벤처는 아메리카 갬성(?)을 느낄 수 있는 어마무시한 곳입니다^^ 튼튼한 사람들만 갈 수 있거든요.  애들은 51번 키즈커버리 타면 좋고요. 나머지 젊은 분들은 씐나게 스릴 있는 거 타면 됩니다^^  그리고 마지막 글로벌페어는 쇼핑하시고 밥드시면 됩니다~^^  (아 그리고 입장하시면  나비체험관 있는데그거 진짜 추천합니다!!! 사진 명소임!!!)"
5.0,2024.10.10.,"주말에는 오픈런도 대기가 한시간이상...모든 시설 한시간 이상대기..후이,루이를 볼수 있어서 다행!"
4.0,2023.4.17.,튤립이 활짝 피어있어서 조금 아쉬웠지만 알록달록 이쁘다. 대기가 길어서 힘들 수 있음. 여유가 되면 오전에 미리 스마트 줄서기 걸어두거나 미리 Qpass 구매하여 들어가는 것이 좋을 듯
5.0,2023.6.27.,지금까지 다녀온 에버랜드 중에 제일 좋았습니다 나름 눈치게임에 성공(?)해서 사람도 너무 많지않고 푸바오도 보고 티익스프레스도 오랫만에 타보고 퍼레이드도 보고 불꽃놀이로 대미를 장식한 오늘이 제일 재미있었습니다ㅋㅋ
5.0,2023.4.26.,다른건 모르겠고 저는 only 자이언트 아기(?) 판다 푸바오로 시작해서 푸바오 보러왔어요♡ 봄이여서 정원도 꽃으로 둘러싸여 있고 날씨도 화창해 사람들이 많아 인기있는 놀이기구를 타기에는 어려움이 있지만 귀여운 판다가족들을 보며 힐링하고 왔답니당•_•♡♡
4.0,2023.2.6.,돈쓰려면 이곳으로... 확실히 롯데월드와 다른 느낌 ...  그날에 날씨와 컨디션과 금전적 제정사정... 삼박자가 맞아야 갈수 있는곳~~^^  그런데 이리 많은돈을 긁어 모으시는곳에서 주차비라니...  너무하네요
5.0,2021.6.7.,즐거운 하루를 보내고 아이는 행복했다고 말하는 그곳! 어른도 이곳만 오면 설레이고 즐겁다지요♡ 장미축제가 끝나기전 부랴부랴 다녀왔는데 장미향에도 취하고 곳곳에 추억에 자연농원도 떠올릴수있었어요^^  45년이라는 시간동안 부모님세대도 저희세대도 그리고 아이세대도 떠올리면 행복하고 즐거운 추억넘치는 에버랜드♡ 오늘도 행복했습니다♡
5.0,2021.10.10.,"봄맞이 장미원 야외 바베큐 행사를 진행중이었습니다. 해마다 5월과 10월에 행사하는것같고, 야외 테이블에 앉아 넓은 장미공원에서 동화같은 놀이공원 풍경과 퍼레이드를 보면서 먹는 바베큐는 너무 맛있어요. 맥주도 팔아요~~."
4.0,2022.6.20.,평일 사람 적고 기구 거의 다 탈 수 있음 단 모든 기념품  가격이 너무 사악함 물가 상승을 에버랜드 오면 느낄 수 있음 김치찌개 오레오츄러스 닭꼬치 아메리카노 등등 다 좋음 근데 가판 청소 좀 되어 있음 좋겠음... 날파리 시체가 너무 많아서... 야외라 많을 수 밖에 없다는걸 알지만 음식쪽 가판은 제발...ㅜㅜ 장미정원 최고 야간 퍼레이드 최고 불꽃놀이 기다리는 중인데... 아미들 진짜 좋아할듯 BTS 뮤비 맞춰서 불꽃 터트림 굿굿
5.0,2021.5.22.,"공휴일에 가서 사람이 많았지만, 어플을 사용하니 웬만한 놀이기구는 문제없이 탈 수 있었습니다! 다만 아기판다 푸바오는 관람 인원이 한정적인 것에 비해, 보고 싶은 사람이 너무 많아 경쟁이 심해요ㅠㅠ 가능한 한 아침에 최대한 빨리 앱 통해서 예약을 추천드립니다"
5.0,2023.8.26.,아주 넓은 놀이공원입니다. 이곳에 올때는 꼭 편한 신발을 신고 오기를 추천합니다. 그리고 인기있는 어트랙션의 경우 대기가 많으니 큐패스있는 입장권을 구입하는게 좋습니다.
4.0,2023.4.2.,사파리는 예전보다 잼이 없어짐. 기사님이 곰에게먹이도 주면서 살짝 보여주던 쇼도 어뵤어짐. 버스가 아니라 티레일러처럼 끌고 다니는 버스로 바뀜 티익프레스는 여전히 무섭고 스릴 넘치는 최고의 놀이기구. 무섭지만 타고나면 뿌듯함이 느껴짐. 아마존 익스 프레스의ㅠ댄스 타임은 여전히 이슈이보 볼거리
5.0,2023.9.3.,주말에 가면 놀이기구가 아닌 줄 서려고 갈 각오하고 가야함. 놀이기구 종류 불문하고 줄 엄청 기니까 애버랜드 예약앱으로 미리 예약을 추천
4.0,2024.11.5.,다양한 볼꺼리와 아이가 좋아하는 놀이기구 가족나들이로 최고지요. 이번 방문때는 사람들이 넘넘 많긴 했어요. 집에 돌아가는길은 무서울 정도로 사람이 많았네요.
5.0,2021.6.7.,오전에 비살짝오고 오후에 비가 그쳤더니 사람들도 별로없고 T익스프레스도 예약 없이 바로 탈수있어 좋았어요~거리두기도 잘하고 있었고 스마트예약이라는게 생겨서 줄서지않고 탈수있어서 좋아요
5.0,2024.1.30.,팬더 열기가 엄청납니다. 금요일 아침 9시30분에 입구도착했는데..앞에 대기하는 사람이 엄청나네요. 어플확인하니 판다월드는 240분 대기네요. 사파리와 로스트밸리는 10시15분 되기전에 스마트줄서기 마감되니 바로 예약해야합니다. 오랜만에 타보는 에버랜드 바이킹이 제일 재밋네요.
5.0,2025.5.3.,"집에서 멀지않아 가끔 가는데 최근 방문객이 더 많아진 느낌. 조금 부담이  되지만 아이들과 방문시 q-pass 활용을 추천, plan-it3 가 합리적이다."
5.0,2025.9.25.,가족과 함께 힐링해봐요
5.0,2022.2.16.,"직원분들도 친절하고, 나비 보러갔었는데 좋네요. 날 풀리면 놀이기구 타러 가게요~*  그후 1년만에 다시 방문 했는데, 좀 더 큰 곳으로 전시장 옮겨서 볼거리도 많아지고 나비도 넓은 곳에서 많이 날라 다니더라구요. 여자 아이들이 특히 좋아할만한 공간인듯 하고, 여성분 따라서 온듯한 커플들도 많이 보이네요.  나비들이 좀 더 공간에 가득 했으면 하는 욕심과 나비들이 스트레스 받거나 방문객이 많아서 바닥에 앉아서 쉬다가 다치지 않을까하는 걱정이 교차하네요. ^^"
5.0,2023.9.15.,"아이들이 너무 좋아해요. 쌍둥이 무료입장 이벤트가 있어서 아이들은 무료로 들어가고, 저만 미리 티켓사서 들어갔어요. 월요일인데도 이벤트덕분인지 사람들이 많아서 인기있는 판다, 사파리 등은 이미 예약끝이라 아쉬웠고, 아마존 익스프레스 같은 것도 60여분 기다려야 해서 아예 타지 못했어요. 이동에 도움이 되고, 놀이동산이 한눈에 보이는 스카이웨이와 스카이크루즈는 대기시간이 적어서 타봤고, 아이들이 좋아할만한 작은 놀이기구는 20여분 기다리면 탈 수 있어서 2가지 정도 탔습니다. 오전 11시~오후 5시까지 있었는데, 도착하자마자 동물들 구경하고 오후에는 놀이기구 타니 시간이 순삭이네요. 다음번에는 오픈시간 맞춰가서 판다도 보고, 사파리도 꼭 가보고 싶습니다♡♡♡"
5.0,2024.2.4.,"갈때마다 느끼지만 어마어마한 체력의 소비가 필요함. 하지만 너무 재미있음. 푸바오 중국 가기전에 인사하려고 갔구요. 두시간, 한시간 기다려 오전 오후 각각 한번씩 관람했고, 다섯 바오 가족 다 만나고 왔음. 최대한 10시 전에 도착하시고 일찍 줄서서 입장후 사파리나 로스트 밸리를 스마트 찬스로 얼른 예약하고 그 이후에 놀이기구 타세요. 시작은 바이킹이 좋을듯. 너무 회전많은 놀이 기구는 잘못타면 아침부터 토 쏠리는 일이 생길수도 있음. 몇개 타다 보면 사파리나  로.밸 스마트 찬스로 구경하고, 그러고 판다월드 가시길. 판다월드는 오히려 점심시간 조금 넘어서가 기다리는 시간이 짧아집니다. 오늘도 너무 즐겁게 놀다와서 기록 남깁니다."
4.0,2022.4.30.,"예전에는 입장권 별도, 놀이기구 요금이 별도였으나, 현재는 자유이용권으로 통일되었다. A시즌(평일, 비수기 ₩58,000)과 D시즌(주말, 성수기 ₩64,000)으로 구분된다. 여럿이 가면, 가격이 만만치 않으니 할인 티켓을 구매할 것! 에버랜드 어플을 설치하면 할인 티켓을 살 수 있으니 놓치지 말자! 현대M포인트 차감이나 KT멤버십포인트 차감, 현대블루멤버스 포인트 차감, 기아멤버스 포인트 차감도 있다. 스릴 넘치는 놀이기구를 좋아하는 사람이라면 아침 일찍 입장을 한 다음,  제일 먼저 어플에서 스마트줄서기로 꼭 예약을 해야 기다리지 않는다. 순식간에 예약이 마감되니 손빠르게 움직일 것!☆ 인기 있는 곳은 줄서서 타는 게 오후 2~3시부터 가능하기 때문이다. (ㅠ.ㅠ) 정문 가까운 곳은 유료주차장이다. 아래로 1.5km정도 내려가면 무료주차장이 위치해있고, 무료셔틀이 운행된다. 퍼레이드는 1일 2회 있으며, 불꽃놀이는 9시 30분에 펼쳐진다. 매우 넓은 곳이니 꼭 발이 편한 신발을 신으세요."
5.0,2023.10.17.,"롯데월드에 비해 놀이기구 대기시간이 짧아서 좋아요ㅠ 롯데월드 매직패스 지옥임, 자본주의의 끝판왕, 에버랜드는 오전에 예약도 가능하고 바이킹같은 것들은  아예 대기가 없음, 맨끝만 아니면 계속 바로바로 탐, 특히 6시 이후에 평일 야간에는 대기시간 확 줄으니 낮에 슬슬 꽃구경, 동물 구경하다가 야간에 놀이기구 최대한 즐기세요. 팬더는 안보러가는게 좋음, 계속 잠만 잠ㅠ 그리고 오레오 츄러스 판매하는 곳은 어린이 뮤지컬 공연하는 건물에 있어요ㅎ 드셔보세요"
5.0,2022.3.27.,(기억하는 한) 생전 처음 가본 에버랜드 이렇게 넓고 볼거리가 많은지 이제야 깨달았다  수요일에 다녀왔고 전체적으로 사람이 없어서 모든 놀이 기구를 대기 없이 탔다 어플에선 대충 10분 정도로 표기해 줬는데 막상 가보면 바로바로 입장이다😆  길을 물어도 항시 친절했고 모두가 환상 같았다  보통 밖에 나가면 체력이 곱절로 떨어지기에 일행들이 불편해하지 않을까 걱정했는데 오히려 내가 제일 오래 살아남은 것 같다 ㅋㅋㅋ  오랜만에 아이가 되어 소리도 질러보고 뛰어다니고 황홀한 불꽃놀이를 즐겼다 알고 가긴 했는데 방탄 노래에 맞춰 불꽃이 터진다 이로 말할 수 없는 감동과 기쁨🥺  놀이공원이 주는 설렘과 아쉬움이 이리도 컸던가
5.0,2025.3.9.,에버랜드 오픈런으로 9:40 분쯤 줄서서 10:05 들어갓고 들어가자마자 사파리 스마트줄서기해서 12:30에 들어갔습니다. 어르신이나 외국인들은 앱으로 스마트 줄서기 못하실테니 앱설치 안하면 두시까지 기다려야합니다ㅜ
5.0,2025.10.9.,바오패밀리가 있는 사랑스러운 곳 🐼🐼🐼🐼🐼
5.0,2025.8.15.,"레스토랑도있고,T익스프래스도 재미있습니다 .에버랜드에 자주 오지는 못하지만 재미 있습니다."
5.0,2023.9.12.,평일 금요일에 갔는데 티익스프레스 대기는 50~70분 되었고 나머지 어트렉션들은 평균 30분 대기했다. 퍼레이드도 재밌고 불꽃쇼도 진짜 최강이다. 너무 재밌었어요~~~ 또 가고싶어요
5.0,2023.12.12.,판다보러 혼자 자주 가는데 가을에는 소풍오는 학생들 때문에 많이 북적거렀는데 겨울에는 사람 많이 없어서 좋았어요 더블락스핀 타는데 5분정도 기다리고 탄 것 같아요! 판다월드 줄이 제일 긴 것 같아요 그치만 기다릴 가치 아주 있습니다! 굿모닝 푸바오 하면 푸바오 부지런하게 돌아다니는 것 볼 수 있어서 좋아용! 추천합니당!!
3.0,2022.11.16.,아이들도 어른들도 좋아하지요 카드할인 받아서 2만원 초반대에 다녀왔는데 그 외에 다 비쌌습니다 정문앞에 주차하려면 주차비 내야되구요 사진보다 작은 미니어처같은 메뉴ㅋ 하지만 먹어야지 어쩌겠어요 스마트앱 사용하셔서 줄서기 이용하세요 근데 영역별 한곳밖에 안되는거 유의하세요
5.0,2025.4.30.,아이들 체험학습기간이라 평일임에도 사람 엄청 많아요. 산리오랑 협업이라 온천지가 산리오 캐릭터였어요.
5.0,2017.5.1.,대한민국 최고의 놀이공원 입니다. 모든 것들이 고객 위주로 되어 있고 시설과 행사 모두 훌륭합니다. 해마다 다시 오면 업그레이드 되어 있네요.
5.0,2023.10.2.,"오후 8시 반에 하는 퍼레이드가 좋았고, 폐장 30분 전에 하는 레이저쇼와 불꽃놀이가 좋았어요! 연휴라서 사람이 많았지만 10시 전에 입장해주셔서 빨리 들어갈 수 있었어요"
5.0,2025.11.11.,평일 강추!!!!!!넘 잼잇게 놀앗어요><
5.0,2024.6.18.,지금 한참 장미가 만발해요!추억을 남기세요.퍼레이드도구경하시고 놀이기구도 타고 재미있는 하루였어요!
5.0,2023.3.28.,삼성카드 1+1  행사해서  인당 3만원 미만으로 잘다녀왔어요. 에버랜드는 봄에가야 꽃도 날씨도 예쁘지요. 놀이기구는 너무 대기가길고 사파리는 아예 볼생각도 포기하고 가기때문에 날씨좋은 봄에 갑니다  음식값도 솜사탕이 5천원 핫도그도 5천원 츄러스가 4천원인가  애들이랑 음료랑 먹고나면 오만원은 쓰는거같아요  간식은 사먹어도 물정도는  얼려가는게 좋은듯 해요  그래도 저어릴때랑 변한게 별로 없어서 아이와 함께 거닐면 추억돋고 좋습니다.
4.0,2022.4.13.,이제 오래된 놀이공원인 만큼 놀이기구나 환경은 낡았으나 오랜만에 방문하여 어린아이가 된 기분으로 즐기고 왔어요 평일에 비가오고 추웠지만 사람이 생각보다 많아 놀랐습니다 오늘은 t익스프레스를 운영하지 않아 아쉬웠어요 동선이 길어 걷기운동은 제대로 합니다 평일 연간회원권 끊고 와서 날좋을때 다시 방문하려고요 장미축제 기대되네요~~
4.0,2023.4.26.,에버랜드 늘 사람많지만 거기서 재미를 찾아야 하는곳.. 스마트 줄서기는 잘만들었지만.. 1조기마감되고.. 경험상 점심시간(1시전후)에 예약됐다면 에버랜드 직원 점심시간이랑 겹쳐서  일반줄서기만큼 기다려야 하는거같음..(1시간20분)기다림 그래도 재밌는곳 가격대비 싸다~
5.0,2023.5.22.,2023년 5월 22일 월요일 저녁 7시 넘어서 입장 8시부터 한시간 가까이 소나기 폭우. 퍼레이드 불꽃놀이 행사 취소됨. 비 그치고 사람 없어서 사진 많이 찍음.
5.0,2023.5.10.,항상 즐거움이 가득한 곳이에용 네이버나 다른 사이트에서 구매하지마시고 에버랜드앱에서 제휴카드 할인받으시면 대인 29000원에 이용 가능해요 주말에가면 바베큐하고 평일엔 잘 안합니당 ㅠㅅㅠ 로즈타운에서 마시는 맥주가 젤 맛있어요
5.0,2023.10.2.,출장방문. 평일이지만 사람많음. 입구주차장 주차비 징수. 입장전에 미리 대기해야하는...
5.0,2024.6.5.,"언제 가도 좋은 곳.  장미정원에서 사진도 찍고, 놀이기구도 타고, 일행들과  동심으로 돌아가서  신났던 하루."
5.0,2023.6.25.,주토피아 최고~ 놀이기구 타는 것 보다 동물원 간다 맘먹고 다녀오는게 더 즐거운것 가탕👍🏻 놀이기구는 울집앞 롯데월드가 더 아기자기하고 탈게 많은 기분.. ㅎㅎㅎㅎㅎ; (유명한 티익스프레스는 사고도 무서웠고 내가 간날 점검중이란 글자없이 걍 closed..)  동물들 아주 귀엽규 푸바오 핫하다못해 뜨거워서 두눈으로 제대로 볼수 없었당 평일인데 푸바오... 이게 실화냐 이제 중국가면 못보겠지 태어났을때부터 기쁨을 줘서 고마웠다 푸바오짱 잘가~~~~~😭  그리고 17:30에 버스타도 더럽게 막힘 ; 걍 두시간 더 있다가 갈걸 후회함
5.0,2022.6.5.,아침 6시에 출발해서 9시 40분에 에버랜드 캠브리지숙소 주차장에 도착해서 티켓확인하고 입장해서 저녁 10시까지 유익한 시간을 보낼 수 있었다.   아이들 데리고 가서 놀기에는 최적의 장소이다. 다만 사람이 많아서 대기 시간이 길다는 단점과 핸드폰 충전하기가 어려워서 아쉬웠다.
5.0,2023.3.17.,"Review in English and Korean 영어와 한국어로 리뷰합니다.  It opens at 10 o'clock and ticketing closes at 21 o'clock.  As you know, the parking lot at the entrance is about 15,000 won, but the entrance is right in front of the entrance, and the 1A parking lot is free, but there is a distance, so you have to take a shuttle bus.  Smart queuing must be done at the same time as entering early in the morning, and it will be closed soon after a while.  As of Friday, March 17, 23, the parade also began. It's been a while since I last did a parade. Fireworks were held after the 19:30 parade.  To play well, you have to organize your movements well, and if you have a lot of luggage, you can calculate and play well considering the location of the locker room.  It's hard for adults to play with them once, Children sleep excitedly, too. That's great.  10시에 오픈 하여 티켓팅은 21시 마감합니다.  잘 아시겠지만 입구쪽 주차장은 유료 1만5천원정도 이지만 입구가 바로앞인 이점이 있고, 1A 주차장 등은 무료이지만 거리가 있어 셔틀버스를 타야 합니다.  스마트 줄서기는 오전일찍 입장과 동시에 해주어야 하고 조금만 지나도 금방 마감됩니다.  23년 03월 17일(금) 기준 퍼레이드도 시작 되었습니다. 오랜만에 퍼레이드 너무 좋더라고요, 19시30분 퍼레이드 후 불꽃놀이 진행되었습니다.  야무지게 놀려면 동선을 잘 짜야 하고, 짐이 많다면 락커룸 위치 고려하여 잘 계산하여 놀면 됩니다.  한번 애들 데리고 놀다오면 어른들도 힘들지만, 아이들도 신나게 뻗어서 잡니다.. 좋습니다 ㅋㅋ"
5.0,2023.6.9.,공휴일 에버랜드는 많은 사람으로 혼잡해요. 하지만 오전에는 사전 스마트 줄서기로 타고 싶은 어트렉션을 예약하여 이동동선을 줄일 수 있어요. 입장과 동시에 스마트 줄서기로 예약할 수 있어요.  너무 넓어서 여기갔다가 저기갔다가 다리가 아프니 계획을 잘세워야 알차게 놀 수 있어요.  오후 3시 퍼레이드 시간이 끝나면 유아동반 아이들이 많이 퇴장하니 그시간에는 어트렉션을 오래 안기다리고 이용할수 있어요. 물론 인기있는 어트렉션은 오래 기다리지만 이런점을 참고하여 계획에 도움이 되었으면 하네요.
5.0,2025.6.19.,"정말 크고 재밌는데, 걷다 보니 다리가 아프네요."
5.0,2023.3.28.,"오랜만에 간 자연농원! 무조건 평일, 3월에 가세요.(개학해서 애들이 없음) 유모차는 많지만 아무래도 애기들은 동물보는걸 좋아해서 놀이기구는 널널합니다. 금욜에 갔는데 티익스도 대기가 짧고(30분) 일반 놀이기구는 전부 10~30분이내 대기입니다. 사파리 기대했는데 뺑글뺑글 한자리만 도는 사자와 원숭이를 보니 가슴이 아팠어요. 그들은 행복할까요? 앵무새집과 범 쇼! 볼만합니다. 앵무새가 최고!!!!"
5.0,2022.4.9.,역시 사람많네요 예약 방문하는 기구들이있어서 이제는 미리 표예매후 예약시스템 이용꼭하는게 좋습니다 당일무작정 갔는데 4개타고 가네요 ㅠㅠ 아마존 익스프레스 결국 안타고..줄진짜 길엇어요 160분 표지판세워도 그뒤에 둘이; 그리고 식사도 공원옆말고 아래도 충분히 드실식당있습니다 그리고 사파리 못갔는데 동물들 판다우리 가는길에 있는데 동물들이 건강해보이고 관리잘되어보이는 상태에 참 보기 좋더라구요ㅎㅎ
4.0,2022.12.16.,사람은 많았지만 가족들과 1년만에 다시 재밌는 추억을 만들고 온 것 같아 좋은 하루였습니다.  로스트 밸리에서 말하는 코끼리로 유명한 '코식이'도 보고 사파리월드도 보았습니다.  예약에 실패하여 현장줄서기로 티익스프레스도 타고 왔는데 처음으로 탄 건 아니어서 막상 타보니 무서웠지만 그와 동시에 정말 재밌었습니다.  예쁜 야경을 배경으로 눈으로 뒤덮힌 장미원에서 사진도 많이 찍고 놀이기구는 많이 타지 못했지만 나름대로 알차게 보냈습니다.  그래도 예약을 빨리 못해서 더 많은 어트랙션들을 즐길 수 있었는데 못 즐겨서 아쉬웠습니다.  역시 가장 좋은 방법은 큐패스까지 이용하는 것 같습니다.
5.0,2021.4.27.,정문 주차는 필수 어플로 미리줄서기도 되고 정말 감탄했네요. 날씨도 좋고 꽃도 예쁘고 재밌게 놀다왔습니다. 먹거리는 조금 아쉽지만요.
5.0,2023.1.7.,내 모든 동심은 여기로부터 ♡ 환상의 나라 에버랜드 ♥  어렸을 적 이모네 가족과 함께 에버랜드에서 보았던 퍼레이드를 다 큰 성인이 되어 다시 보는 그 감동이 .. 추억이 방울방울 맺히며 눈물이 울컥하네요 ;)  매년 여름방학마다 에버랜드 가고 싶어서 남은 날짜 세아리며 기다리고는 했는데 ..  코로나로 인해서 퍼레이드 행렬의 규모가 많이 줄었지만 그 감동은 여전하네요
5.0,2021.10.16.,할로윈축제 기간도 얼마 안남았었고 날씨도 더 추워지기 전에 방문해야겠다고 생각하고 방문한곳. 여기를 마지막으로 방문한것이 거의 10년도 넘었을 거다. 전에는 충남쪽에 있어서 삽교호 놀이동산만 거의 5번정도 방문하였고 여기는 지금 회사를 옮긴곳에서 가깝기도 해서 방문한 곳임. 사실 여기를 방문한 주된 목적이 밤에 장노출로 회전목마를 촬영하려고 간곳임. 여기는 내가 살면서 방문해본 놀이공원중 가장 아름다운 회전목마를 보유한 곳중 한곳임. 내가 에버랜드에 추천드리는 곳은 사람들이 사진 많이 찍는 곳에 부스를 만들고 사진을 찍어주고 파일 또는 인쇄를 해주면 아마도 더욱더 많은 사람들이 방문하려고 올것임. 타 놀이 공원이 이렇게 하고 있는것으로 알고 있음. 나는 생각없이 해질녘에 장비를 세팅하고 생감이랑 체크하고 있었는데 나보고 여기서 고용한 사진사냐 물어보는 사람도 있고 사진을 찍어달라는 사람이 꽤 있었고 서로 온 커플들끼리 줄서가면서 사진을 촬영하는 모습을 볼수가 있었음. 회전목마 주위는 사진촬영이라 분위기 모든게 고루 잘 갖추어져 있음. 또한 야간에는 문라이트 퍼레이드도 멋있었고 낮에는 할로윈 퍼레이드로 있고 즐길것 뿐만 아니라 네델란드 마을에는 먹을것도 많으니 정말로 한곳에서 모든것을 즐기기 좋은곳. 나는 쉬는 날이라서 12시에 방문해서 마감때까지 있다가 나왔음. 시간이 안 아깝고 가는줄 모르고 구경을 했음. 기회가 된다면 크리스마스때도 방문하고 싶은곳임.
4.0,2023.2.21.,"우리나라 최고의 놀이공원이 아닐까 싶습니다. 사람이 늘 많고 줄서기는 기본이고, 여러가지 구경하려면 튼튼한 두 다리와 체력은 필수, 동선을 잘 짜야 덜 움직이며 즐길 수 있지요. 인기있는 어트랙션은 스마트 줄서기를 하는데 금방 마감되니 서두르셔야해요. 놀이공원 내 음식은 가격이 좀 있으니 예산을 아끼고 싶다면 간식을 준비하는 걸 추천드립니다."
4.0,2025.8.26.,평일날 가서 즐기면 좋은곳 군데 너무덥다
4.0,2022.10.7.,사람이 너무 많음.. 놀이기구 대기시간이 너무 길고.. 동물전시 및 막이주기체험 등 동물학대로 보여 불편했음.. 엄청난 사람에 비해 항상 쾌적하고 깨끗한 시설이나 환경은 만족스러웠음..
5.0,2023.3.19.,"우리 가족이 오랜만에 딸둘하고 집사람 하고 사파리,로스트밸리 돌아봤는데 아이들이 무척이나 좋아했습니다.설명 해주시는 분들도 너무나도 잘 해주셔서  더 재미있었던거 같았습니다.휴일에 가서 그런지 사람들이 엄청 많이 와서 그래도 잼 나게 놀았습니다."
5.0,2023.10.24.,오랜만에 다녀왔는데 너무 좋았어요. 다만 평일임에도 사람이 너무나도 많아 줄서는데 한두시긴은 기본이였네요 시간 없으신분들은 따로 패스 끊어서 가시는걸 추천드림
5.0,2024.6.4.,"거리가 점점 더 쾌적해지는것 같아요. 좋은 날씨속 학생들이 여러지역에서 찾아온 날이였어요. 사람이 정말 많았지만 그만큼 활기가 느껴져 좋았습니다. 놀이기구는 대기시간이 많이 길어보였습니다. 오후에 입장해서 사파리와 로스트월드, 아마존 익스프레스만 이용했고 평균 1시간30분정도 기다린 것 같습니다. 퍼레이드와 불꽃놀이는 아이들이 좋아했어요. 제가 어렸을때 왔을때는 펑펑 터뜨리기만 했던것같은데(몇몇 캐릭터쇼와 함께?), 지금은 세계여행기차 컨셉으로 스토리와 함께 각 국가의 특징등 간단하게 넘어간 후 마지막에 멋지게 터뜨리더군요. 언제와도 좋은 기억으로 남게되는 것 같아 좋았습니다. 비록 지금은 학생때처럼 from 오픈 to 마감은 힘들어졌지만, 마감만이라도 하고오니 새록새록했어요!  다만 아기를 위한 화장실 공간이 조금 더 많아졌으면 좋겠습니다!"
1.0,2021.3.28.,비가 오는날 가게되었습니다 주차장 위치가 바뀌어  입구와 가까운곳은 15천원 먼곳은 무료 (셔틀버스이용) 자기네 시설을 이용하러 온 고객에게  이무슨 횡포인건지 참나..  에버랜드앱을 깔지 않으면 안된다는 식으로 이야기를 하는데 QR코드  없어도 수기로 작성하고 들어가면 됩니다 그리고 놀이기구등 이용시 스마트 줄서기를 신청하게끔 이야기를 합니다 전 앱을 깔지않았기에  스마트줄서기 안하고 걍 다니면서 들어갔습니다  비가오지만 사람들은 적당히 있었고 식당은 절반이상 문을 열지 않았습니다 비가 온다고 계속 닫는 가판매장들.. 사람들이 줄어드니 그런가 보다 했지만 지나가는 곳마다 닫겨 있더군요 스산해지는 거리 분위기였습니다
5.0,2022.10.30.,10월 30일 일요일에 왔는데 9시반경 도착하니 정문 주차 20자리 정도 남아 있었고 사람 많지만 적당히 돌아다닐 만해요. 날씨가 너무 좋습니다. 이태원 사고로 할로윈 축제는 모두 중단되었어요.
5.0,2021.11.22.,아기놀아주려고 갔다가 어른도 잘 노는곳 무료주차장에 셔틀버스가 자주오니 편리합니다.  매점음료가 편집증적으로 정리가 잘되어있어서 놀랐습니다ㅋㅋㅋ 간만에 동물도 보고 동심으로 돌아가 즐거웠습니다.
5.0,2020.5.28.,"ㅇㅓ린이,가족단위 오기에 진짜 좋은거 같아요 동물들도 진짜 많고 꽃들과 주변 환경들이 매우 좋네요 코로나 기간이라서 그런지 사람도 적당하지만 놀이기구 탈게 좀 적어요ㅋㅋ 하지만 어린이들에겐 최고로 좋은곳  일것같네 ㅛ"
4.0,2022.4.15.,"아이들에게 이벤트 만들어주기 좋은 곳입니다. 오전 일찍 도착해서 사파리월드, 로스트밸리, 아마존익스프레스타시고 오후에는 놀이기구 타시는 것을 추천합니다. 저녁에는 퍼레이드 관람과 불꽃쇼 감상을 하십시요. 아침 9시 도착 밤 10시 출발로 하시면 딱 좋습니다. (흐린날 가면 사람 없고 좋습니다)"
5.0,2022.6.22.,1. 늦게가면 주차 발렛이 편함 2. 언제 이용권 입장권이 변함? 3. 애들은 막상 나가면 조금 먹고 음료수는 엄청 먹는다 더워서 그런가 4. 다 크록스신기고 갈아입을 옷 가져올껄 아쉽다 5. 로스트벨리체험 재미있음 6. 아마존 인기가 좋음 타고싶으면 빨리가야해.... 7. 불꽃놀이 역시 👍🏻 에버랜드에서 가장 좋아함.
5.0,2020.11.26.,사람도 없고 좋았음. 가족과 함께 가시는 분들께서는 정문 앞 유료주차장(최대 15천원/할인시 10천원)을 이용하시길. 발렛도 좋은 선택이긴 하나 일찍 갈꺼면 그냥 주차하세요.
5.0,2021.9.20.,정말 제대로 놀고갑니다 8년만의 방문이었는데 즐겁고 행복한 추억 쌓고가네요 앱으로 어트랙션 예약이 가능해서 티익스프레스 2번탑승하였습니다! 기념품도 귀여운것들 많고 다만 아쉬웠던건 음식들이 한정적이었던것 같습니다 먹거리에 조금더 신경써주시는게 좋을거같네요 다음에 언제또 방문할수있을지 모르겠지만 이날의 추억은 미래에서도 계속 기억할거같아요 잘놀다갑니다
3.0,2019.8.18.,"예쁘게 잘 꾸며놓아서 좋아요. 서울에서 가기에는, 버스가 여러대 있지만 자주 오지는 않아서 교통이 애매하지만 가끔!오기 좋은듯요~ 오사카 유니버셜이랑 비슷한 느낌이 들었습니다! 근데 탈게 별로 없네요...ㅠㅠ 티익스프레스도 별로 재미가없고.."
5.0,2023.9.26.,푸바오 볼려고 오랜만에 에버랜드 방문했어요. 비록 푸바오 러바오 둘다 다 자고 있어서 아쉽긴 했지만 그냥 보기만 해도 흐뭇한 존재들이네요. 다른 동물들도 보고 놀이기구도 타서 너무 좋았어요. 그래서 또 가고 싶어요.  다만 온더보더는 별로네요.
5.0,2021.5.6.,아이들의 경험과모험 최고죠 로스트밸리 사파리월드 판다월드 아마존익스프레스 너무 아이들이 다 좋아해서 행복했습니다.오전에는 케레비안베이에서 놀다가 오후에 에버랜드 넘어와서 놀았는데 시간도 잘가고 이날 간 날은 더워서 그런가 사람들도 별로 없어서 보는거 타는거 모두 금방했네요~자주는 못가지만 1년에 한번이라도 가서 아이들과 노는게 참 즐겁습니다.
5.0,2023.11.3.,"이십년 만에 간것 같다. 기대가 없었다. 그런데 이리 좋은곳을 왜 무시했나 싶었다. 가을 단풍도 예뻤고, 늘어져 있지 않고 살아서 움직이는 동물들도 신기했다. 사파리 동물들의 자유로움의 감탄은 알찬 부록이였다. 퍼레이드가 좀 짧은게 아쉬웠다. 밤의 불꽃놀이는 매일 터질텐데 좋았다. 허나 스토리의 부족이 아쉬웠다. 원인과 불꽃, 결과가 전혀 맞지 않았다."
5.0,2019.10.15.,아이들하고 즐겁게 놀다왔어요 하지만 주말은 항상 사람이 많아요.. 금요일은 수학여행에 소풍에 단체방문객도 많고 일반 사람들도 많으니 그 외의 요일을 이용하는 것이 좋을 것 같아요 저번에는 수요일에 갔더니 썬더폴스 줄도 길게 안서고 사파리도 줄안서고 즐겼는데 이번에는 정말 사람 많았네요 그래도 이벤트가 많아서 즐겁게 놀다왔습니다
4.0,2018.6.8.,주말에는 너~무 사람이 많아요. 대기 시간도 길구요. 그래도 시설 잘 되어 있고 식당도 좋은편이고 ...특히 마지막 불꽃놀이 너무 환상적입니다.꼭 보세요~
5.0,2021.5.25.,"언제와도 좋죠 최고에요 👍 코로나 전으로 복귀했네요 주말보다 낫지만...  아마존, 썬더폴스같은 인기 어트랙션은 기본 80~90분 대기네요 하루종일 😑ㅎㅎ"
5.0,2023.11.12.,"스마트줄서기 하시료면 에버랜드 입구까지 8시안에는 무조건 들어가야합니다. 사파히,로스트벨리,판다월드,t익스프레스는 인기가 많으니 취향에 맞춰서 선택하시면 될듯합니다. 사람은 많아도 현장시줄서기도 있으니 주변 동물들과 함께 순서 기다리면서 놀다오세요. 특히 마지막 퍼레이드는 최고입니다. 동심의 세계에 온 것 같아요"
4.0,2022.7.5.,"가족 나들이, 아이들 놀기에 딱 좋음. 어른들이 타기엔 몇몇 놀이기구 빼곤 그냥 그럼. 야외에서 하루 신나게 놀기 좋았음. 크루들 친절해서 더 좋음."
4.0,2023.11.21.,어렸을때 가보고 너무 오랜만에 간곳 크게 변한건 없었다. 덕분에 추억이 새록새록 되살아난 시간^^  놀이기구보다는 동물들 보는게 즐거웠다~~할인이 많이 된다면 나들이 할만한곳
5.0,2021.2.14.,늘 언제나 가도 지루하지 않고 늘 동심을 챙겨주고 힐링이 되는 곳 입니다! 스마트 줄서기와 레니찬스는 시간별로 오픈시간이 있으니 주의 하면서 타세요!!
4.0,2022.6.26.,한국의 대표적인 놀이공원 경기도 용인에 있는 장소이며 차량 이용 시 넓은 주차장이 있다. 무료 주차장 이용의 경우 버스로 입구까지 무료 송영을 한다. 놀이공원 규모가 큰 편 위치를 잘 기억해야지 고생을 덜 할 수 있다. 처음 방문에 위치를 찾지 못해서 고생하는 경우가 있다.  메인 놀이기구 T 익스프레스 대기 시간은 길지만 꼭 타볼 만한 기구다. 내부에 식사는 매우 맛이 없으며 추천을 하고 싶지 않지만 선택의 권한이 없음에 다소 아쉬움이 있다.  직원들이 친절하며 항상 그들은 웃음을 잃지 않고 있다.
5.0,2019.4.21.,"봄 에버랜드는 유치원생 이하 가족에게는 꼭 놀이기구가 아니더라도 많은 볼거리들로 가득하다 1. 벚꽃, 벚꽃 에버랜드는 경기서울 다른지역에 비해 벚꽃도 1~2 주 정도 늦게피기 때문에, 예상치않은 벚꽃놀이가 가능하다. 튤립축제는 덤  2. 쥬토피아 날씨좋은 주말 에버랜드에서 놀이기구타기란 불가능에 가깝다. 기본 1시간에서 최대 3시간. 따라서, 쥬토피아의 슈퍼버드를 찾아서, 물개쑈, 각종 동물의 사육사와의 대화시간등을 이용한다면, 꼭 놀이기구를 타지 않고도 재밌고 알차게 보낼 수 있다  3. 유아 전용놀이기구 36개월 이하 무료입장 유아도 추가발권이 필요하지만, 줄이 정말 짧고, 재입장이 되기때문에 아이들이 놀이기구를 간절히 원한다면 탑승해보자  4. 퍼레이드 퍼레이드는 20시에 진행하고, 자리경쟁이 19시부터 치열하다. 앞자리에 앉아서 보고싶다면 깔판과 빠른자리선점이 필수  5. 불꽃놀이 대부분 관람객이 퍼레이드 후 21시에 시작하는 포시즌 가든으로 넘어온다. 따라서 퍼레이드 마지막 차량이 회전목마에 진입하고 노래가 한차례 꺼지면 바로 포시즌가든으로 이동하는편이 좋다. 포스즌 가든의 의자석은 엄청나게 인기있는자리로 확보가 쉽지 않다.  만약 그냥 불꽃만 보고 싶으면 장미광장으로 가서 여유있게 보자."
4.0,2022.4.15.,비가 와서 사람이 적어서 좋았는데 넘 추웠음 비가 오니 앉을곳이 없어서 힘들었음 놀이 시설엔 관심 없어서 진짜 오랫만에 갔더니 입장권만 팔던것이 없어졌고 자유이용권만 있어서 놀이 시설 이용하지 않는 사람으로선 이용료가 넘 비싼듯... 대신 어플로 줄서기 하는 시스템은 아주 편리했다  하늘정원에 매화가 많다고 해서 일부러 찾았는데 시기가 늦었지만 벚꽃과 튤립이 화려함을...  다리가 불편해서 정문앞에 있는 유료주차장에 차를 세우고 싶어  이른 아침부터 출발했는데 비도 오고 평일이라 길이 막혀 개장 시간이 지나서 도착했는데도 여유롭게 주차함
4.0,2023.9.9.,1. 무료 주차장에 주차후 셔틀로 에버랜드로 이동함 2. 평일이지만 인기있는 놀이기구는 30-1시간 대기가 필요했음. 3. 동물들 너무 더워보였음..ㅠ 4. 그중 철탑 침팬치는.. 전기를 만든다는데.. 가혹해보였음. 5. 티 익스프레스는 몸이 떨어져 나갈것같은..공포를 안겨줌.. 6. 아마존 익스프레스... 운나쁘면 전신 다젖습니다... 젖는겁니다... 소울리스좌가 말한거 다맞음.
5.0,2025.5.14.,주말이라 사람이 엄청 많고 대기줄도 길어서 아무 것도 못 탔지만... 동물구경 재밌었어요. 식당도 다야하게 많아서 맛있는 음식도 먹고요.
5.0,2024.4.24.,꿈과 희망이 있는곳~~~!!^^ 오랜만에가서 행복트리가 없어지고 판다가 생긴건 첨봤어요~ 초대형 판다가 반겨주네요~^^ 즐겁게 놀다가 왔어요~~ 봄이라 화사하고 예쁘네요~~
5.0,2021.6.6.,연간끊어서 다니는데 좋아요. 거의 정문유료주차장 이용하지만 5월부터는 확실히붐비네요. 버스파업하는건 계속 불편합니다. ㅠㅠ 외곽주차장 이용할땐 좀 어쩔수없는듯
5.0,2022.9.19.,환상의 나라 에버랜드 우리 나라에선 단연 탑인듯 싶네요. 주말보단 평일이 사람들도 덜하고 좋을거 같고요. 연간회원권 구매해서 연3회만 가도 본전뽑을거 같습니다.
3.0,2023.10.2.,"주토피아 로스트밸리 등 좋은 것도 많았지만, 어디에 어떤 어트랙션이 있는지 알기 어려웠네요. 애도 있는데 위치 찾고 식당 찾고 뭐 찾느라 매우매우 빡셌어요. 가이드맵이 그게 한계인지... 일등이라는 삼성 계열사가 이거 가이드맵 하나 깔끔하게 잘 만드는게 정말 힘든 업무인지.. 약간 의아했네요. 가이드맵이 참으로 알기 어렵게 되어 있네요. 그리고 키즈빌리지(키즈카페)는 왜 있는것인지 의문인 그런 어트랙션이었네요. 들어가자마자 괜히 기다렸다는 느낌이 바로 들었네요. 이건 부모님뿐 아니라 아이들도 같은 느낌인듯요. 없애거나 업그레이드를 하거나 하시길!!"
5.0,2020.10.20.,#秋 #エバランド 가을날 날이 좋아서 아침 부터 저녁 까지 재미있게 놀다왔어요 문닫은 식당이 많아서 도시락을 준비하면 좋아요 해가지면 매우 추워요~
3.0,2019.4.1.,날씨가추워서인지ᆢ각종놀이기구가 너무시간이짧게 ᆢ배정이되어무척서운했습니다 줄을서서기다리는시간은10분이상30분소요ᆢ타는시간은 회전목마는한바퀴반ᆢㅋ다른것들도2분ᆢ내외ᆢ너무한듯싶네요ᆢ사전에이용및소요시간을공지해주면좋을듯ᆢ싶네요 요즈음 은 퍼래이드도없고ᆢ이솝마을은 아예썰렁하고 음식가격은 다소비싸지만ᆢ이해는되요ᆢ그러나 흰옷입고 장내를 정리해주시는분들도 시설물의위치를 제대로알아두시고 입장객이물어보면ᆢ잘안내를해주면좋을듯ᆢ본인들도 잘몰라ᆢ물어보고답해주면ᆢ시간이너무소요됨ᆢ아쉬웠어요  튜립도 생각보다 화려하지는않았구요ᆢ조금더 입구부터 튜립으로 많이장식했으면합니다 ᆢ벌써 튜립이 진곳도있어요ᆢ아쉬웠습니다ᆢ튜립축제ᆢ관심있으신분들은ᆢ서둘러가보시는게좋을것같아요ᆢ그리고 벚꽃은 이제봉우리가 올라와요ᆢ4월 10일이후 개화할듯ᆢㅎ
5.0,2022.4.24.,날이 좋아 다니기 좋았고 퍼레이드도 볼만했다. 아이들도 좋아했고 놀이기구 타기에 사람들이 많아 조금 불편하긴 했으나 스마트줄서기 기능도 있어 좋았다. 또한 발렛파킹으로 주차도 편했다. 다만 비용이 조금 비싸긴 했다. 4월말 5월초엔 튤립 축제도 하니 한번 가보는것도 좋을듯하다.
5.0,2023.5.26.,그옛날 독수리요새 있던 시절에 가보고 너~~무 오랜만에 갔는데 꿈과 환상의 나라네요 진짜. 티익스프레스 진짜 엄청 재밌어요. 아마존은 대기시간 120분이라고 써있었는데 생각보다 줄이 빨리빠져서 4~50분 만에 탔어요. 아마존 익스프레스 타시려면 통풍 잘되는 신발 신으세요. 안그러면 내내 축축하게 다녀야됨. 그리고 저녁 9시30분에 시작하는 불꽃놀이가 진짜 하이라이트입니다. 기다렸다가 보시면 절대 후회 안할거예요. 더 큰 사이즈 불꽃놀이도 봤었는데 스토리랑 정원배경에 조명까지 더해져서 여기가 최고예요. 야간에 장미정원도 너무 예뻐요. 밤의 에버랜드 강추입니다
5.0,2023.5.10.,어린이날 비가 와서 사람이 없어요. 부슬비라 놀기에는 불편하지 않았고 놀이기구 대기줄은 텅비어 다양한 놀이기구를 즐길 수 있었어요.
5.0,2025.7.2.,오랫만에 에버랜드에 놀러갔는데 시설이 많이 낡은것 같아 실망했어요. 주말이라 사람도 많아서 놀이기구타는건 포기함
4.0,2023.4.30.,평일(월요일) 사람이 없을 줄 알았는데 많아서 당황!! 학교에서 소풍 온 학생들도 있고 가족단위도 많고.. 퍼레이드도 하고 꽃축제도 하고 볼거리가 많아서 좋음!! 에버랜드 앱 필수 스마트 줄서기로 사파리 예약하였으나 120분뒤라..당황 이것저것 다른거 타고 놀다가 들어갔는데 들어가서도 30분정도 더 대기!! 엄청 오래 기달려서 사파리 투어했는데 동물들이 거의~~자고 있어서 대실망만...ㅠ 사파리보단 로스트밸리가 괜찮을듯 ㅋ 그래도 재미있게 놀다감요!!
5.0,2021.3.7.,여기는 뭐 안좋을 수가 없죠..... 하지만 코로나 19 에도 방역은 잘이루어 지고 있어요 코로나 때문에 퍼레이드는 안한다는 사실.... 놀이기구도 스릴 넘치고 꼭 와보세요
5.0,2022.2.3.,연휴를 맞이하여 오랜만에 방문했네요 언제가도 즐겁고 재미있게 하루를 보낼 수  있는곳 이네요 스마트줄서기 활용하면 좀더 여유롭게 즐길 수 있을듯해요.
5.0,2024.8.4.,지방에서 올라가서 드림투어와 아카데미로 알차게 다녀왔어요. 엄마는 힘들지만 아이에겐 좋은 추억이었어요. 또가고 싶다해서 재방문도 했답니다
4.0,2019.4.15.,정말 오랜만에 방문했는데 여전히 티 익스프레스는 재밌네요. 평일 아침 일찍 갔는데 사람이 너무 많아서 놀랐습니다. 외국인 관광객도 많은 편이고 그래도 즐거운 시간 이었습니다.
4.0,2022.10.21.,금요일 사람 너무 많아요 중학생들 많이 오네요 아침 9시 도착해서 1주차장에 주차 주차요금 12000원 카카오티맵으로 정산하면 10000원이라 더군요 미리미리 해주세요 입장후 에버랜드 어플 실생하여 스마트 줄서기로 예약해서 하나 탔어요 굿굿굿 점심은 현장에서 먹을 경우 1~2시간 기다려서 먹어요  다른 간식도 기본 20~30분 대기하고 먹을 수 있읍니다 도시락 싸가는 것을 추천 피크닉존에서 식사 가능 퍼레이드  좋은 자리는 1~2시간전에 자리 맡아서 관람하는 것도 좋아요 저녁 불꽃놀이 넘 멋지네요 가족들이 한번가기에 좋아요
5.0,2022.5.1.,ㅎㅎ 4월에 방문했는데 정말 정말 사람 많았구요 놀이기구 유명한건 세시간 넘게 기다려야해서 구경만 하고 왔습니다! 그래도 동물 구경하는게 즐거웠고 퍼래이드도 너무 재밌었어요!
5.0,2019.11.27.,이제 연말의 크리스마스 축제가 시작 되네요. 가는 길마다 연말 느낌이 물씬 풍기고 황금색 트리로 가득한 정원은 어디나 포토존 입니다. 추위에 놀이기구를 많이 못 탈 수도 있지만 다른 즐길거리가 많으니 좋은 추억 남기기 좋습니다.
4.0,2023.10.8.,눈 뜨자마자 차타고 출발 한시간 걸려 8시 40분 도착하였으나 눈치게임 실패 ㅎㅎ 역시 연휴에는 집에나 있어야지!!! 하지만 사람이 많다고 포기할 수 있나 재밌게 놀자!!
5.0,2019.11.10.,주말에 방문계획이라면 9시 40분까지 도착하셔서 제일가까운 주차장에 주차하세요 그리고 바로 줄을 서고 10시 입장을 해서 원하는 놀이기구 하나를 고르고 다른거 보지말고 그 놀이기구로 곧장 가서 타세요. 이게 제일 효율적입니다 왜냐면 대뷔부분의 공연이 12시 이후부터 시작합니다 그리고 11시부터는 동물피딩을 합니다
5.0,2021.10.29.,인터넷으로 티켓팅하면 70프로 할인가격에 받을수있으니까 미리 발권하시는거 추천드리구요 차 없어도 전대.에버렌드역에서 셔틀버스 운행해서 편하게 다녀올수 있어요. 차 있으면 주차장에 차 대놓으시고 셔틀버스 타고 올라오시면 되구요 신행중에 들린거라 케리어 두개가 있었는데 정문들어가서 왼쪽편에 보면 짐 보관장소가 있어요 15키로 케리어정도면 알맞게 들어갑니다.한칸당 500원동전 4개 사용가능해요. 지폐교환기 있으니까 편하게 바꿀수있구요. 헤어밴드도 파는곳 많아요.놀이동산 오면 이런거 끼고 놀아줘야죠ㅋㅋ 아기자기하게 사진찍기 정말 좋아요 스넥바 여기저기 엄청 많아요. 맛있는 집들도 많고 볼거리도 풍부하고 시간가는줄 몰라욬ㅋ 동물원 식물원 놀이기구 편하게 이용가능하니까 좋더라구요.대기줄은 평일도 길더라구요 15년만에 처음간 놀이공원! 놀이기구 못타다는 저도 재밌게 놀고왔어요
5.0,2021.5.27.,스마트줄서기와 레니찬스로 줄을서지않아도 되어서 넘넘좋았어요 한가한날가서 사람도별로없었고 푸바오는귀여웠고 티익스프레스는무서웠고 퍼레이드는8시에하는데 앞자리잡으려면7시안되서 자리잡고기다려야할꺼같음 7시20분쯤갔는데 가운데앞자리는이미 없고 사이드앞자리만있었다ㅜ
4.0,2024.1.2.,푸바오보러 주토피아 판다월드에 다녀왔습니다. 딱5분이기는 해서 매우 부족했지만 그래도 시설도 좋고 쾌적한 환경이라 안심이 되더라구요. 저희는 Q패스로 기다리지 않았지만 보통 2~3시간 씩 줄서기를 해야한다고 하네요ㅡㅡ;
5.0,2023.7.7.,"매우 자본중심적인 시스템의 놀이공원.... 사람 많고 아빠들이 힘든 곳이지만..., 아이들이 좋아해서 가야하는 곳!! Q패스까지 하면 아빠 노릇 제대로 해 줄 수 있는 곳입니다."
5.0,2023.3.24.,"평일에도 사람많아서 정문 바로옆 주차장은 만차인경우가 많음 이경우 제2,3주차장에 주차하고 셔틀버스를 타야함 에버랜드앱으로 놀이기구 탑승예약이 조기에 마감되므로 일찍 예약해두는걸 추천"
5.0,2019.4.13.,에버랜드는 언제나 재밌습니다. 조카 둘 데리고 갔는데 날씨도 좋아서 돌아다니기 괜찮았습니다. 어트랙션도 재밌는게 많아 잘 즐기고 왔습니다. 티익스프레스는 정말 공포 자체 였네요.  퍼레이드와 불꽃놀이는 또 다른 감동을 선사해주었습니다.
5.0,2022.9.30.,입장권 제외하더라도 먹는것 마시는것 악세사리 가격이 장난아니다  줄서는것 또한 장난아니다 그럼에도 불구하고 가볼만하다 꼭 시간을 내서 밤 10시까지 다보고 가도록 하자 미리 체력을 길러서 꼭 다보도록 하자
5.0,2021.4.24.,"❤️❤️에버랜드🎢🎡🎠 사파리가 45년만에 종료한다고 해서 다녀왔는데요❤️❤️❤️  언제나 에버랜드에선 너무너무 알차고 재밌게 잘 놀다오는것 같아용! !!❤️❤️❤️👍👍  이번에 갔더니 스마트 줄서기가 생겨서 에버랜드 어플에서 모바일로 클릭하고 대기거의없이 입장할 수 있어서, 코로나지만 안전하고 재밌게 놀이기구들 타구 즐길 수 있었어용!!👍👍  너무조아요!!에버랜드!!❤️ 🧡💛💚💙💜🎢🎡🎠 2021년 4월30일까지 사파리 운행하니까 꼬옥!! 그전에 다녀오세욥!❤️"
5.0,2021.5.19.,동물도 많고 예약하면 놀이기구도 10~20분만 기다리면 돼요 물 파는데도 있고 직원분들이 다 친절하시고 재밌으세요
4.0,2022.9.7.,"재밌게 놀만한데 많은데 먹을게 진짜 비싸니까 차라리 미리 김밥같은걸 싸와서 벤치에서 먹는게 훨씬 낫다. 왠만한 음식 판매점은 사람이 미어터지고 가격이 비싸서 정신건강에 별로 좋은 편은 아님. 그리고 물을 의외로 공원 내에서 안팔기 때문에(음수대도 없다) 물은 미리 3병 정도 가져가는게 좋다. 케이블카(스카이웨이)나 동물원, 퍼레이드, 사파리 같은것만 구경해도 본전 뽑을 수도 있다. 넓어서 이것저것 많이 있음.."
5.0,2024.4.25.,평일에 가니 안북적거리고 좋네요. 동물들도 잘 관리되는것같아요.
5.0,2018.10.3.,8월 31일부터 11월 11일 까지 할로윈 축제 기간이여서 오후 7시때 부터 좀비가 나와요 할로윈축제도 그렇고 롯데월드보다 에버랜드가 훨씬 좋으니 차라리 에버랜드를 가세요 평일에 갔는데도 사람이 엄청 많았어요 에버랜드에 가기전에 플레이스토어에 에버랜드 앱을 설치해서 회원가입을 한후(회원가입도 간편해요ㅎ) 입장권에 있는 바코드를 찍으면 에버파워가 충전되요. 에버파워를 쓸수있는 놀이기구를 보고 생각해 놓고 (에버파워는 30분에 한개씩 충전되고 최대가 5개예요) 충전될때까지 신나게 놀고 원하는  시간에 추첨을 통해 당첨되요. 이거 덕에 대기 시간 40분 걸리는 티익스프레스를 Q pass라인을 통해 바로 탈수 있었어요. 실시간으로 놀이기구별 걸리는 시간이랑 지금 내가 있는 장소를 빨간 색 점으로 알려주니 길 찾기도 편하고 좋더라구요. 일몰 시간때부터 놀이기구가 거의 호러로 바뀌니 더 재미있고 저는 개인적으로 호러사파리가 제일 재미있었어요. 돈 5000을 주고 하는 거라 기대도 많았어요. 좀비도 리얼하고 버스를 타고 가는 동안 군인이랑  박사님의 리얼한 수다 까지!! 너무 재미있어서 시간가는 줄 모르고 탔어요 그리고 로스트벨리 스폐셜투어를 탔는데 사육사랑 1대1일 해설을 듣고 차량도 6인용이라서 가족들이랑 같이 탔는데 너무 재미있었어요 직접 먹이도 줄수 있고 기린이 지붕으로 머리도 내밀고.... 이것도 재미있었어요 (이것두 별도로 20만원정도 돈을 내야해요. 예악도 미리 해야 하구요) 지금까지 에버랜드 후기를 마치도록 할게요 ㅎㅎ
5.0,2022.7.25.,"초입부터 커다란 나무가 반겨줍니다~곳곳에 분수가 있고..놀이기구 한둘 타고나면 대광장에서 공연에 이어~불?ㅋㄱㅋ 물!!!!쇼타임~~~!!다젖음...머리부터발끝까지...자주하는분들은 우비장착하시고 즐기네요. 아이들 짱~~좋아함. 나도 시원하긴하다.ㅋ 짧지만 사파리에 곰 호랑이 사자 하이에나까지 다보고~~~놀다 먹다 놀다..먹다...놀다... ㅠ 발에 물집잡힐때쯤... 야간 퍼레이드 끝이없는 행렬과 춤들^^ 애들 짱 좋아함 눈을 못떼고 봅니다..그리고 드디어 끝났구나~~ㅎㅎㅎ 싶더니!!  불꽃놀이 BTS뮤비와 함께 어우러져~~공연장 분위기!!!^^♥ 한번더~~ 이제 정말 끝~~~ 기 다~빨린듯 축~~~ㅎㅎㅎ 신기하게 나가는 길 몰라도 사람들 따라가면 입구로ㅋㅋㅋ홀린듯 집으로 갔습니다..  아침부터 끝날때까지..간만에 체력좋았던 젊은때로 돌아간 기분.ㅋ 아니 체력 더좋은것 같은 느낌...애들 데리고 날아 다녔으니..정신력이려나? 여튼 뽕을 뽑고 놀았네요.^0^  내일 아침이 걱정입니다ㅠ  tip 여름철 시원한얼음물 원하신다면 가져가시고 아니면 식당안에 물 비치되어 있음. 물쇼에 가담? ㅋㅋ 하려면 우비,샌들O 운동화X 아니면 여벌옷~아이들은 여벌옷 필수 참고로 대광장 옆에 샌들 우비 팔아요~but too expensive!! 애들 옷가게도 있어요~~"
4.0,2018.12.22.,"놀면 항상 즐거운데, 판매하는 입장권이 자유이용권밖에 없는건 너무 한 것 같다. 일반 입장권으로 산책하려 갔더니 억지로 어트랙션까지 즐겼다.  사진은 크리스마스 퍼레이드"
5.0,2024.1.1.,불꽃축제 너무 아름답고 좋았지만..폭죽연기로 주차장에서 부터 꽤 오래동안 앞이 안보일정도로 스모그에 갇혀 굉장히 위험하다 느꼈어요..ㅠ.ㅜ 환경오염이 꽤 심할듯합니다
5.0,2017.11.29.,"북적이는 롯데월드보다 훨씬 괜찮았어요. 특히 동물들이 가까이서 보는데 너무 좋았고, 특히 아내가 정말 좋아했어요. 도시락을 싸갔는데 피크닉 장소가 정말 잘 되어있습니다. 키친타올도 구비되어있고, 테이블에 까는 비닐도 있습니다. 도시락 싸서 피크닉 테이블에서 드시는거 추천드립니다. 놀이기구도 많이 안기다려도 되고 참 좋았어요. 가장 많이 기다렸던 놀이기구가 티익스프레스인데 30분걸렸어요. 나머지는 10분 이내. 걸어다니면서 사진찍을 장소도 많고 너무 좋습니다. 거리가 멀어서 그렇지... 담에 또가고 싶네요 아내랑"
5.0,2023.10.25.,휴일 보다는 평일에 가는걸 추천합니다. 사람 많아요. 제휴카드 할인이 제일 저렴해요
5.0,2019.3.5.,짜릿하면서 안전한 놀이기구가있는곳입니다 아이들과가도 충분히 놀수있고 어른들도 정말 즐겁게 놀수있던것같습니다 음식점도있어서 청소년을 둔가족은 청소년이상의 아이들은 놀이기구탈수있도록 보내주고 어른들은 어른들끼리 편하게 식사및 편의시설을 사용할수있습니다 가끔 타로보는곳이 있는데 정말 깜짝놀라서 소름돋을 정도로 잘마춰주십니다
5.0,2023.12.31.,날씨가 추워서 고민하다 간 애버랜드. 비록 놀이기구는 많이 타지 못했지만 특별 한 해 정리하는 레이제쇼는 잘 보았다. 관객 대비 셔틀 버스가 너무 없어서 오래 줄을 서는 상황이 되어서 송구 영신 예배 참석에 조마조마해야 하는 긴장감이 있었지만 그래도 참 좋은 추억하나 더 갖게 되었다.
5.0,2019.10.5.,비가 오는 날 가니 참 좋네요. 일부 운행을 안하는 놀이기구가 있긴 하지만 대부분이 다 운행. 기다리지 않고 바러 탈수 있어서 좋았습니다
5.0,2021.10.31.,"처음 방문했는데, 애버랜드 전체를 다 보지 못했어요. 롯데월드보다 크고 유니버셜스튜디오보다 작지만, 할로인때 가서 그런지 코스튬 입은 사람구경, 세트구경, 저희 남아(5세) 스누피펀을 많이 좋아했어요. 사람도 많고, 생각보다 스마트줄서기로 안하면 관람 못하는것도 많고, 그래도 공연이나, 퍼레이드는 즐거웠어요.  다음번에 사파리, 로스트, 판다 보러가야겠어요.  마지막, 고스트멘션에서 폭죽이 많이 나와 너무 즐거운 마무리가 되었네요:)"
4.0,2021.1.26.,코로나로 모든게  앱설치후 예약하며  바코드보여주면서 다니니까 감시당하는거 같으면서도 안전한가싶다가고 어플사용 못하는이들에겐  엄청 불편할거같아요 뭐하나타려거든 예약후 예약시간 확정되면 그때 사용할수있고 예약한걸 사용해야만 다른놀이기구 예약되고.. 장단점은있지만 아이들에겐 놀이동산만큼 설레고 잼있는곳은 없으니까 최고네요
5.0,2022.2.24.,언제나 놀기 좋은 곳입니다. 제대로 다 돌아보고 놀려면 3일은 가야 할거 같습니다. 오랜만에 갔는데 추웠지만 재미있었습니다.
5.0,2019.10.30.,할로윈 스타일로 잘 꾸며놓음 퍼레이드도 호박마차 나오고 할로윈 스타일이었으면 더 좋았을 듯... 공연도 생각보다는 별거 없는데 공연 출연진이 좀비분장하고 사진 찍어주는 것이 더 재미남!!!
5.0,2022.4.28.,"튤립 축제가 한창이라 튤립들이 예쁘게 피어 있어요. 4월 평일에 갔더니, 놀이기구들도 오래 기다리진 않네요 가장 인기 많은 티 익스프레스만 60분 대기라고 했는데, 체감상 그보단 적게 걸린 것 같아요."
4.0,2022.6.9.,"동물원과 놀이기구 퍼레이드쇼 등을 즐길 수 있습니다. 단, 방문객이 많아서 주말에는 차량도 많이 막히고 놀이기구 타려면 기본적으로 100분 정도 대기를 해야합니다.  동물원 구역에서는 사파리, 팬더, 바다사자쇼 등이 볼만하며 놀이기구는 아마존 익스프레스, T익스프레스(수직낙하 롤러코스터), X트레인 등이 탈만합니다. 큰 화원도 있어서 산책하듯 감상하기 좋습니다.  You can enjoy the zoo,  amusement rides and parade show in this theme park. However, due to the large number of visitors, on the weekends, there are a lot of traffic jams, and basically you have to wait about 100 minutes to get on the amusement rides like roller coaster.  In the zoo area, safaris, pandas, and sea lion shows are worth seeing. and rides such as Amazon Express, T Express (vertical drop roller coaster), and X Train are enjoyable. There is also a large flower garden, so it is good to take a walk."
5.0,2019.4.14.,입장료가 아깝지 않아요 최고였어요!! 눈치게임에 승리해서 모든 놀이기구 10분안에 탔습니다 ㅎㅎㅎㅎ 비온다고 기상예보 뜬 일요일 아침에 오후부터 해나는 것 확인하고 출발!!
5.0,2019.8.24.,정말최고의 행사의 장소입니다.^^* 15년째 행사를 하는데요...저렴하게 행사를 할수 있는 곳은 많으나  돈보다 아이들이 좋아하고 안전하고 지도진들이 힘들어도 아이들이 고마워하는 행사이기에 항상 도장행사로 진행하고 있습니다.^^* 아쉬운점은 큰 단체가 캠브리지에서 1박2일 지내는 행사를 다 찾이하다보니 3년전부터는 이용을 못하는점이 아쉬워요...작은 단체들에게도 기회를 좀 주셨으면 좋겠습니다.^^*
5.0,2022.6.8.,가족끼리 가기 좋고 현재 장미 축제가 굉장히 잘 되어 있습니다.  직원들도 친절하고 직업의식이 투철합니다.  사람 없을 때 가면 좋을 듯 합니다.
5.0,2023.10.27.,약 3년만에 방문한 에버랜드 입니다. 수요일 평일인데도 사람 이렇게 많을줄이야.. 10시 반 입장했는데 앱으로 예약 다 마감쳐서 2시에 티익스 타러가는데 3시간 반 기다렸습니다 ㅎㅎ;; 역대급 그래도 할로윈 분위기 나서 좋더군요
4.0,2021.7.1.,"놀이공원으로선  더할 나위없는곳이란 것과 동물복지도 상대적으로 꽤  좋아보인다는   전제하에 아쉬운 점은  밤에 활동하는 부엉이가 낮에  별로 날지도 못할것 같은 곳에서, 자야하는 낮시간에  사람들이 줄서 있어서 시끄러운 위치에 햇볕드는 곳에 있어서 불쌍해 보인것,  어린이 놀이기구  많은곳엔  한 분이  승차, 관리, 하차 다 하셔서 거리두기가  관리가 너무 안됬다는 점 그럼에도  불구하고 불나방처럼 잘놀고 이런곳이 우리나라에 한두군데 특색갖춰서  더 있었음했다는건 안비밀 ^^;;"
5.0,2019.4.20.,큐패스를  적극활용하여 시간절약을 하면 더 많은 놀이 기구를 탈수 있을것 같아요... 왼쪽or 오른쪽으로 내려갈지 정해서 한쪽으로 돌면 좋을것 같네요! 8시에 퍼레이드(회족목마 근처추천) 보고9시에 쇼를 보고 마지막 불꽃놀이 까지 보면 아이들이 완전 좋아합니다 올라오는길에 놀이 기구 몇게 더타고 알차게 놀수 있어요!
2.0,2021.5.24.,별을 뺀건 장애인우선입장이없어지고 예약제로바뀐것 때문에 뺐습니다 그냥오지말라고 하시지 예약서비스는 너무했어요 우리야 늘 기다리지만 같이갔던일행은 너무 고생스러웠어요  아이들이너무좋아했고 서울일정중에 갑자기방문해 짧게 체험하고나왔지만 언제가도 즐거운에버랜드네요 오늘도더운데이제날이더더워지면 ㅡㅡ;;; 잠시 쉬어야지요 퍼레이드도 아이들이 너무즐거워하고 7년넘게 바뀌지않는 문라이트 퍼레이드도 아이들은 좋아라하네요 3년연간회원후 이제 가끔 놀러가지만 아직초등생아이들은 늘좋아라합니다 사파리가없어져서 아쉬웠어요 불꽃놀이도 않해요ㅠㅠ
5.0,2018.10.14.,동물원이 좀 많이 바뀌었더라구요 애들이랑 와서 수많은 동물들을 볼수 있어서 좋았고 예쁜 꽃들이 있는 가든이 있어서 사진찍기도 좋았습니다 마지막으로는 하이라이트 불꽃축제 그게 보면 자유이용권 산것이 하나도 아깝지 않습니다
5.0,2023.4.13.,사람들이 어마어마하게 많다는 것 외에는 매우 즐거운 곳입니다. ^^ 튤립이 너무 이뻐 사진도 잘 나오네요. 밥은 비싼 느낌이 항상 듭니다. Vip투어 꼭 해 보고 싶어요.  바이킹 타기 전에 산책로가 있는데 그곳이 은근 이쁩니다. 쭉 올라가면 빈백 있어 쉴 수 있는 곳이 나오는데 한 번 가보세요!
5.0,2022.9.27.,친구들이랑 추억 쌓기 너무 좋은 곳이에요! 어트랙션들도 너무 재밌고 시설들도 이뻐서 사진 찍기 좋아요~!! 귀여운 동물친구들도 있어서 눈이 즐거워요..♡ 추천합니당!!
5.0,2022.4.1.,코로나있기전에 유모차끌고 다녀왔었는데 이젠  아이들이 초등학생이 되어서 개교기념일이라 정말 오랜만에 다녀왔네요~ 10시 조금 넘어 도착했는데 차도 사람도 가득하더라구요~ 전에 왔을땐 어려서 못탔던 놀이기구들도 이젠 척척 잘 타는걸보니 대견하더라구요~ 로스트벨리는 투어신청을해서 너무 좋았구~ 사파리는 줄이 오전에는 모바일줄서기마감 오후에는 100분의 대기시간을보고 포기했어요ㅠㅠ 아마존은20분정도 썬더플도 20분정도 바이킹은 10분 범버카도 20분정도 다 조금씩 적당히 기다려서 잘 탔어요^^ 불꽃놀이보려고 9시반까지 기다리는데 기다림이 힘들더라구요~춥고 추워서ㅠㅠ 기다린보람은 있더라구요~ 불꽃놀이 너무 좋았어요~ 그리고 지금 튤립축제중이라 예쁜꽃들에 눈호강하고왔어요^^
4.0,2019.8.14.,여름이지만 썸머 워터펀 같은 공연으로 잼있게 보낼수 있었습니다. T express같은 대기줄도 이십분 이내로 사람들이 많지 않은것도 좋았고요. 반딧불 체험도 하는데 코타키나발루 가서 본것과 같이 엄청 많은 수를 볼수 있습니다. 몇년전보다 시설 보수도 되어서 좋았고 볼거리도 많아졌어요.다만 에버랜드 스카이크루즈가 에어컨이 나오질 않아 찜통인점은 별로였습니다. 식당의 음식도 가격대비 양이나 맛도 좋았네요. 공기밥은 천원인데 일반식당 밥 두배는 되는듯 합니다.
5.0,2024.4.1.,사파리보다는 로스트밸리 추천 사파리에 스마트 줄서기 쓰는 바람에 오전 놀이기구는 비인기 놀이기구위주로 탑승 사파리/로스트밸리 안갈꺼면 다른 놀이기구 2개 정도 스마트 줄서기 가능할것으로 판단됨 다음 방문때는 만반의 준비를 해서 방문하겠음
5.0,2021.10.22.,"오랜만의 놀이공원 방문에 퍼레이드는 매우 만족스럽네요. 눈 마주하며 현장에서 공연보는 게 감격에 감동을 주더군요. 갑자기 마스크 안쓰고 다니던 그 시절들이 그리워지기도 했고요. 그럼에도 사람들이 참 많았습니다만, 북적대는 사람들 틈에 아주아주 간만에 반짝반짝 빛나는 퍼레이드와 정말 많은 사람들을 구경하고 올 수 있는 시간이 되었습니다."
1.0,2021.8.23.,어렸을땐 정말 크고 넓고 신세계였는데...다커서 디즈니다니다 에버랜드오니까 티켓값도이해가안가고 코로나때문이지만 안하는놀이기구도너무많고 식당도 가성비떨어지고..굿즈도 거기서거기...전체적인 리모델링 급해보이던데...흠...여러모로 안타까워요
4.0,2024.3.31.,오랫만에 가서 너무 좋았습니다. 그런데 오래된 놀이공원이다보니 여기저기 낙후된 시설이 많이 보이더라구요. 시설과 건물 등등 재정비를 해주셨으면 좋겠어요.
4.0,2025.11.2.,3주차장(무료)에서 셔틀타고 들어갔어요
5.0,2023.10.13.,학생들 가을소풍인지 너무 많아서 줄이 너무 길어서 놀이기구는 많이 못탔지만 장미축제기간이라 이뻤어요~ 날씨도 좋았구요  사파리 한시간 반 정도 줄서서 들어갔는데 기사님이 너무 빨리 돌아서 좀 아쉬웠어요 가시는 분는 스마트 줄서기 오픈하자마자 꼭 하시면 좋으실거에요!
5.0,2019.11.10.,즐길 수 있는 어트랙션도 많고 산책할 수 있는 공원도 잘 조성되어있는 곳. 토요일이나 공휴일에 갈 계획이라면 무조건 개장 전에 도착할 수 있도록 할것. 그래야 많은 것을 즐길 수 있다. 결론은 사람이 상대적으로 적은 일요일에 방문하기를
4.0,2019.4.20.,날이 좋아서 갑작스레 오는 바램에 늦게 입장했어요. 입장할 때 사람도 많고 주차되어 있는 차도 많아서 걱정했었는데 프로세스가 잘 되있어서 그런지 큰 불편없이 관람했어요. 일단 벚꽃 및 정원이 좋았어요. 봄바람에 벚꽃잎이 날리는데 좋더라고요. 더블어 애들 타는기구도 좋았어요. 다만 대기시간은 약 40분 가량 되었고 앱으로도 확인이 가능하지 참조하시면 될것 같아요. 전반적으로 식음료들 물가가 좀 쎄서 부식은 조금 싸오시면 더 알찬 방문이 될것 같습니다.
5.0,2023.9.2.,"에버랜드의 하이라이트, 불꽃 축제! 일단 한번 보시길 바랍니다 😄  파크 곳곳에서 펼쳐지는 다양한 무대공연, 멀티미디어 불꽃쇼 등 초대형 엔터테인먼트가 날마다 새로운 즐거움을 더하며, 에버랜드 동물원 ‘주토피아’에서는 사파리월드, 로스트밸리 등 수준높은 동물 생태 전시를 경험할 수 있다.  또한 40여년간 한국의 꽃 축제와 정원 문화를 선도해 온 에버랜드에서 튤립, 장미 등 아름다운 테마정원과 오감만족의 전시, 체험도 만나볼 수 있다."
4.0,2024.5.11.,5월 날씨 좋은 때라서 그런지 학생들 단체관광버스가 수백대는 왔더라고요. ㅎㅎㅎ 평일 목요일 오전 10시 살짝 넘은 시간이었는데 사람이~  사람이~  인산인해. T익스프레스 타는데 3시간 넘게 기다렸어요. 다리가 이틀이 지나도록 안 풀리네요. 여기는 언제 가던지 사람이 많아서 인기있는건 두어개 타면 체력 방전되니 힘듭니다. 그래도 날씨 좋고~  아이들 밝은 모습에 나들이 왔다는 느낌이 좋았어요.
4.0,2023.5.4.,"대한민국 놀이공원 1번지~ 시설, 규모에 비해 너무 많은 인파가 몰린다. 그리고 아시아권의 오사카 유니버셜스투디오, 홍콩 디즈니랜드 같은 정체성이 좀 부족한듯~ 그나마 이번 푸바오 때문에인기 급상승!!그래도 대한민국 최고의 놀이공원이다."
5.0,2021.8.20.,"에버랜드 다  잘 아시죠. 코로나 상황으로 인하여 줄서기와 입장에 신경을 많이 쓰고 있습니다. 저녁 6시가 넘으면 동거가족이 아니면 3인이상 머무를 수 없습니다. 다행히도 내방객이 잘 따라주어 분쟁은 없습니다. 놀이기구 이용등은 문제될것이 없으나 아무래도 수입이 적어지다보니 직원수가 적은것이 눈에 띄일정도입니다. 그것은 고객이 조금이라도 불편함을 느낄수 있다는 것입니다. 또 한가지, 식당운영입니다. 모든 식당이 운영을 하지 않다보니 운영하는 소수의 식당에만 몰려서 식사대기가 놀이기구 대기하는것과 비슷합니다. 입장객은 같은 비용을 치루고 왔습니다. 이런 불편함을 느끼는것은 문제가 있습니다."
5.0,2023.9.4.,에버랜드 여러번 방문했었지만 이번에는 처음으로 로스트밸리 스페셜투어도 하고 큐패스도 이용해보았어요 로스트밸리 스페셜투어는 진짜... 최고...  35만원 아깝지 않았고요. 큐패스도 시간 아껴서 바로 탈수 있으니 너무 좋았네요!!!
5.0,2024.2.9.,"동절기 비수기라 관람차 및 티익스프레스는 운영을 안합니다. 시간도 10-19시 오픈이지만, 티켓가격이 저렴하고 붐비지 않아 좋습니다. 퍼레이드나 불꽃놀이는 하지않지만 나들이로 볼거리는 충분했습니다."
5.0,2024.5.21.,가족과 즐거운 시간을 보내고 왔어요 동물사파리는  오랜시간을 기다려야 되어서 힘들었어요 그리고식당과 커피숍는 대기시간이나 가격은 낮은점수늘 줄수박에없어요
5.0,2023.10.27.,국내 최고 놀이시설답게 관리가 잘 되어 있고 즐길거리가 많았습니다 특히 동물원의 동물들도 생기가 넘치고 환경도 좋아보였습니다 아이들이 정말 좋아합니다
5.0,2022.9.3.,9월 2일 부터 할로윈 시즌 시작인데 아직 할로윈 세트는 다 준비 되지 않은 것 같아요! 9월 8일 부터 시작 하는 곳도 있으니 할로윈 즐기실 분들은 8일 이후에 가세요~
5.0,2017.10.14.,"가족과 연인들의 놀이터로 최고. 주토피아 애니멀, 유러피안,  아메리칸 어드벤처, 매직랜드, 주크박스, 퍼레이드 등 다양한 즐길거리와 다양한 놀이시설이 있는 곳. 거의 매달 스토리가 다채롭게 바뀌기에ㅡ 아이들이 있다면 자주 방문할때  연간회원권(1년, 2년권)으로 더 저렴하게 이용할 수 있습니다."
4.0,2020.3.10.,마스크 착용하고 긴 대기없이 이용할 수 있어서 좋았어요~ 곳곳에 손소독제가 비치되어 있어서 좋았고~ 기구 및 동물관람도 비교적 오랜 기다림이 없어서 좋았습니다~ 하지만 시기가 그런만큼 플라워가든은 아직 오픈되지 않은 상태였고 페스티벌이 없어서 볼거리는 크게 없다는 점 참고하세요~
5.0,2023.5.3.,언제나 신나고 즐거운 곳. 스마트줄서기 공부하고 가세요.  스마트줄서기하는 어트랙션은 예약한 것을 탄 후에만 다른 줄서기하는 어트랙션을 이용할 수 있어요. 계획을 잘 세워보세요
4.0,2023.11.12.,한국 대표이자 최대 놀이공원. 주말이나 공휴일엔 99.9%확률로 북적이는 장소이다. 평일에도 비나 눈이 아닌이상 단체 관광객들로 북적인다. 지하철이나 버스에서 내려 정문까지는 셔틀버스를 이용해야한다. 자차이용시 정문 앞 주차장은 유료이며 오픈런을 하지 않는 이상 주말이나 공휴일엔 자리가 없다. 주차장1은 무료이나 셔틀을 타고 정문까지 이동해야한다. 1A의 경우는 셔틀버스 탑승장과 가깝지만 금새 만차가 된다. 오픈런이나 11시 이후 방문이라면 내비에 1B를 치고 주차하는것을 추천한다. 1A와1B 주차장은 붙어있으니 구지 탑승장과 몇걸음 가까운 1A를 고집해서 주차장 입구에서 시간을 버릴 필요는 없다.
4.0,2021.2.14.,"현재 7시까지만 운영, 퍼레이드가 공연으로 바껴서 6시20분에 잠깐 함. 대신 포토타임있음 거리두기로 놀이기구도 간격두고 타고, 스마트예약으로 예약 후 놀이기구탑승하여 다른사람들과 붙어서 대기하는경우 거의없음"
5.0,2023.11.25.,"아주 넓고 넓고 또 넓은 테마파크, 가을에 방문했는데 꽃들과 조경을 탁월하게 꾸며두어 보는 맛이 있었다 넓은 만큼 이것저것 지나가게 한 동선은 좋았다만 일부러 앱을 설치했음에도 내 위치를 파악하기 어려웠다. 사실 놀이기구 예약하는 거 외에는 기능이 없는 것 같은데 어트랙션 타는 것이 목적이 아니라면 그냥 종이 지도를 들고 다니는게 낫지 않나 싶다. 퍼레이드 가까운 시간에는 화장실의 줄이 너무 길어서 어린 아이를 동반한 가족들은 좀 불편함을 느끼는 것 같았다. 식음료는 그저 그랬고 특히 푸드코트 시스템의 중국집도 별로였는데 혹 굳이 끼니를 사드셔야 한다면 외부에서도 유명한 체인점을 고르시길 추천드린다. 물론 끼니 시간보다 일찍 가야 덜 기다리실 것 같다. 유명한 것으로 유명한 판다는 일찍 퇴근해서 워라밸이 부러웠다 선물샵이 거의 판다로 도배된 수준이라 못본것이 아쉽지는 않았다. 근데 기프트샵마다 여기만 있는 거 표시를 해주면 좋겠다 꼭 사라는 것처럼 연속해서 나오는데 다 똑같은 구성이라 피로도가 더 오른다. 이번이 거의 10~15년 만의 방문인데 이제 2035년쯤 가면 될거같다..!"
5.0,2019.12.27.,"어느 계절, 어느 시간에 봐도 항상 아름답고, 음식 디자인이나 아이디어도 멋지고, 언제나 기다려지는 멋지고 재미있는 공연, 친절하시고 항상 웃어주시는 캐스트분들!, 나이대 상관없이 즐길 수 있는 어트렉션들이 너무 좋아요!!!😆  자주 가지만 정말 매일매일 오고싶고, 갈때면 행복한 기분이 사라지지 않아요. 환상의 나라다운 곳이에요!"
5.0,2024.5.10.,친근하네요. 입구와 광장사이에 경사가 있다는것을 매번잊고 가네요. 즐거웠습니다.
1.0,2021.1.17.,이벤트가 적으며 현재 운영중단 된 놀이기구들이 상당히 많음(전채 놀이기구의 50%정도) 놀이기구 사이의 거리가 넓고 경사로가 많아 체력이 좋지않은 일반인들에게 추천하지 않음.  음식점 내의 음식 품질 역시 빨리 나오긴 하나 냉장고에서 퍼다 놓은 듯 음식 받자마자 먹어도 냉동이 안풀린 차가운 느낌이 음식에 있었음.  상당한 실망감으로 들어온지 두시간만에 롯데월드로 갔습니다.  점포들 역시 50퍼센트 이상이 닫았음.  방문시간 오후 1시.  가보면 어린 아이들 데리고온 부모님 비율이 80%입니다.
5.0,2023.7.24.,"자연농원부터 다녀본 아줌마..입니다 아이들과 캐빈신관을 숙소로 잡고 에버랜드를 1박2일 다녀왔는데 언제나 즐겁고, 흥미진진한곳이에요  어플로 줄서기하는 시스템이 처음에는 어려운듯 하였으나 적응하니 엄청 편리합니다.  놀이기구나 모든 시설 이용시 일행모두가 함께 줄을 서고, 끼어주기 없어서 넘 좋습니다.  음료와 물을 인당 하나씩 준비하면 1만원은 아낄 수 있을듯 ㅎㅎㅎㅎ  뭐든지 카페메뉴 가격이라 지출이 큽니다.  에버랜드 최고에요."
5.0,2018.8.5.,첨 방문하는데 전 너무 좋더라고요 여름은 오전에 빨리가서 타고싶은것 타고 구경할것도 하고 오전에  빡세게 놀고 오후되면 더우니까 쉬엄쉬엄 돌아다니길 추천드려요 전 오전에 빨리가서 동물들과 놀이기구 몇개만 탓거든요 그래도 되게 만족햇어요 담엔 가족들이랑 오후권 구매해서 1박2일로 다녀오려고요~
5.0,2021.10.9.,"코로나 때문에 에버랜드가 9시까지 합니다.사람들이 많고,놀이기구도 예약을 해야만 탈수 있습니다.그렇지만 범퍼카는 예약없이 대기로 줄을 서서 탈수 있습니다.아주 재미있게 놀았습니다."
5.0,2020.12.6.,코로나 시기에 거리두기에 좋은 장소입니다. 평일에 방문했는데 줄도 안섰구요. 크리스마스 분위기를 한껏 느껴보고 싶다면 12윌에 방문하세요. 퍼레이드 강추입니다. 눈썰매장도 이용 하시구요.
4.0,2019.11.8.,놀이동산 항상 사람이 많아서 놀기는 좀 힘들지만 즐겁게 볼 수 있고 탈 것도 많고... 전체적으로 언덕길이라 다니기 힘들다는 단점이 있음.
3.0,2023.7.22.,"더운날엔 비추천각~ 2시전까지는 예약제로 일반 입장은 이용제한이 많음~ 사파리,로스트벨리로 나뉨~ 사파리 70분간 기다린 보람은 솔직히  1도 없음~~"
5.0,2022.5.31.,남녀노소 모두가 즐길 수 있는 핫플레이스였어요. 특히 5월에는 장미축제까지 해서 볼거리 구경거리도 많고 꽂향기까지 듬뿍 맞고 왔답니다.^^
5.0,2018.5.7.,용인에 이렇게 좋은 곳이 있다는 것이 지역주민으로 아주 만족합니다. 가격이 조금 그렇지만 에버랜드에서 보내는 시간을 감안하면 적당한 가격이라고 생각이 듭니다. 연간회원증을 10년이상 이용중인데 산책과 놀이를 함께 즐길 수 있는 국내 최대 테마파크임은 분명합니다. 친절하고 볼거리 많은 곳 에버랜드 많이 놀러오세요.
5.0,2021.6.11.,사람이 너무 많은것만 빼면 좋은 곳입니다. 6월에는 장미정원을 방문을 추천드립니다. 그 외 시즌에도 포시즌즈 가든이 정말 멋집니다
5.0,2022.1.31.,아이들을 위한 귀여운 동물들과 신나는 눈썰매 어른들을 위한 스릴넘치는 놀이기구 그리고 무엇보다 여름에 가시면 모든 놀이기구를 사용하실수 있고 스마트 줄서기를 통하여 다리아프게 줄서게실 필요도 없으시고 입장료또한 50%이상의 할인을 받으실 수 있기때문에 모든이들에게 완벽한 놀이 공간이라 할 수 있습니다!
4.0,2024.2.22.,항상 좋은 곳 시설에서 세월이 느껴지지만 갈 때마다 즐거운 곳! 예약을 잘하면 좋아요! 발렛은 추천드립니다(주차료 포함)  푸바오 잘가~ 건강해
5.0,2022.1.16.,"딸,아들 어렸을때 즐겨찾았던 곳이었는데 30년 지나 손주데리고 갔는데도 여전히 관광지다운 손색이 없는 곳이었어요. 청춘 남녀들 데이트 코스, 십대아이들 놀이터로도 굿이구요."
5.0,2023.6.23.,"젊은 부부와 신세대 세대들이 이용하고.,근 30년만에 다시찾은 에버랜드고, 우리 얘들을 등에 태우고 다닌곳인데 ,이제는 다 컷고 우리  부부를 인도한다 ㅎ이것저것 놀이기구를 탔고,그러나 기다리는 시간이 너무 길어서 지겨웠다. 아무튼 에버랜드는 즐거움이 있는 곳이었다 ㅋ"
4.0,2021.12.22.,"올해는 조형물, 전구 등 크리스마스 장식이 풀셋팅이 안되어있고..  전반적으로 휑한 느낌이에요.  포시즌스 가든만 크리스마스인 느낌. 코로나 영향이겠죠? 내년을 기대할게요. 한가람 김치찌개는 여전히 맛있어요. 어른들 모시고 가는 분들은 꼭 들러보시길 바랍니다."
5.0,2023.8.2.,캐리비안베이 방문후 에버랜드 무료입장이 가능해서 오늘 아주 즐거운 시간을 보냈습니다. 유료이지만 정문주차장 이용도 편리하고 캐리비안베이 시설도 오래되긴했지만 이용에는 전혀 문제 없네요. 에버랜드도 약간 세심한 관리는 안되는거 같지만 그래도 작은 변화가 있어 좋은거 같습니다.
5.0,2023.6.15.,코로나 이후 첨으로 갔어요 야간으로 어른3명 애들 2명해서 9만원대에 할인가격으로 끊었어요 야간은 6시부턴데 입장은 5시30분 부터 해주더군요 생각보다 사람이 많이 없었어요 일요일이라 다들 집에 일찍 가나봐요 조카들도 놀이기구 같은거 연달아 5번씩 탈정도로 놀아기구엔 사람이 많이 없었어요 식당은 문을 참 일찍.닫아서..먹을만한곳이 별로 없었네요
5.0,2018.6.22.,너무너무 즐거웠어요 핸드폰에 에버랜드 어플 다운받으면 입장후 입장권 어플에 등록해서 찬스권이생기는데 그걸로 빠른입장 예약할수있어서 다른놀이기구 대기하면서 빠른입장 신청해놓구 다음꺼 바로타고 그랬어요 정말 좋은 시스템 10년전 방문하고 이번에 다시왔는데 케이블카도 생겨서 많이걷지않고 왓다갓다 할수있어서 편리했네요 스낵상점도 곳곳에 많이있고 레스토랑도 여러곳 있어서 여기저기 쏘다니다 허기질때 바로바로 먹을수있어서 좋았어요 20시30분 퍼레이드까지 보고나니 21시가 거의 다되었었는데 피곤해서 그냥 집으로 가는길에 21시 40분에하는 불꽃놀이까지 주차장에서 다 보고 왔네요 아주 알차게 즐기다 왔어요 스낵상점이많은만큼 기프트샵도 많았는데 덕분에 충동구매와 과소비를 했답니다 그래도 이쁜인형과 머리띠 등등을 구매해서 너무 신났어요
5.0,2024.3.26.,진짜 백년만에 방문한 에버랜드인데 원래 여기 굿즈들 죄다 촌스럽고 내스타일 아니라고 생각해왔었는데 아니 왠걸 디자인 싹 물갈이됨 넘나 귀엽 세상에 다 가지고 싶엇음 지금 개미핥기 배낭 가방 안사가지고 온거 너무 후회되어서 오열중. ㅠㅠ 인형 퀄리티 너무 좋고 샵 안에 위굴위글인가 내가 조아하는 브랜드 있는디 그것도 입점 해 있음 ! 완전 놀이동산에 찰떡인 브랜드!!  갠히 쓸데없이 유니클로부류 말고 이런 샵 마니 입점해주면 놀이동산와서 기분 업된 자들이 마구마구 싸지를 것으로 생각됨 아무튼 캐릭터 굿즈 새로 물갈이한 디자인팀(?) 한테 상줘야함. 진짜 1000배는 나아짐. 나무늘보 🦥 원래 귀여운데 에버랜드 🦥나무늘보가 체고신거같다. 봐도봐도 웃음만 나오는 커여움. 💕 글구 산리오랑 콜라보 해서 뭐 이거저거 해놨던데 이것도 트렌드 잘 알 너낌이라 센스있엇음 미미월드도 산리오랑 콜라보 해서 대박났고  한데 역시 요새 죄다 산리오 콜라보하면 일단 어른이도 조아해서 난리나는듯. 여튼 나도 난리남 ㅋㅋㅋ 튤립보다 산리오가 다해따 ㅋㅋㅋ  긍데 산리오 말고도 에버랜드에서 맨든 귀욤 캐릭도 넘넘 커엽 암튼 귀여운게 넘쳐남 동심의 세계에서 무한 헤엄치다 옴  말이 넘 길었네..
5.0,2021.5.5.,코로나 시기라 사람들 얼마없을꺼란 기대로 방문했지만 여전히 사람은 많습니다. 포인터로 예약해서 프리패스로 이용하시면 조금은 더 탈수 있습니다. 하지만 코로나 19로인한 언텍트시대라 조금이나마 사람들이 줄을꺼라 생각하고 오후5시경 방문했지만 여전히 사람은 인산인해 ㅎㅎ 그리고 늦은시간엔 포인트로 탈수 있는게 거의 없네요. 결국은 다음엔 아침 개장시간 맞춰서 방문할 예정입니다.ㅎ
5.0,2021.5.5.,진짜 십여년 만에 와서 원없이 놀고 갑니다. 스마트폰으로 미리 줄서는 건 정말 획기적인 아이템인 것 같아요. 예전엔 새치기하는 것도 순진히 멍청히 지켜볼 수밖에 없었는데... 오랜만에 즐거운 추억 쌓고 갑니다.
5.0,2020.6.3.,야간자유이용권으로 갔는데 사파리도 좋았고 장미는 가장 예쁠때 간거같아서 좋았습니다 페레이도 아이가 된거같아 즐거웠습니다 날씨도 적당하고 시설들도 깨끗하고 다시 가게될거 같네요
5.0,2022.7.23.,언제 방문해도 설레는 에버랜드~! 요즘 같이 더운 날은 힘들지만 그래도 에버랜드만의 설렘이 너무 좋습니다! 밤 야경도 예뻐서 산책하기도 좋습니다~ 데이트코스로 추천드려요!
5.0,2021.8.20.,"애들이랑 가서 9시반 입장해서 바로 1)판다월드 2)사파리 2)애니멀톡 스마트예약 주토피아로 바로 이동해서 판다보고 나와서 동물원 돌다가 새 모이주고 정글캠프에서 점심~ 사파리하고 나와서 애니멀월드 스테이지 - 슈퍼윙스 애니멀톡(볼만함 / 애들 좋아함 /어른도 좋아함) 보고 매직월드로 이동 후 애들 탈거 태우고 놀다 집에 옴, 만족 롯데월드 연간 끊고 다녔었는데 차원이 다름 애들 볼거리 놀거리 배울거리가 5천배는 많은듯"
5.0,2018.12.4.,놀이공원은 추워도 시즌에 가는 게 좋음! 밤에 불꽃놀이는 꼭 보고 오는 걸 추천 (핫팩 꼭 챙겨 가세요. 아님 입구 올리브 영에서 팔기도 함-가격 비슷)
5.0,2022.10.9.,새벽일찍 집에서 출발 늦어도 아침 8시에 도착해야함 8시부터 입장 줄 대기합니다. 들어가자마자 스마트 줄서기 시작해서 바로 줄서고 끝나면 펜더보러가고 오후2시에 현장 줄서기 12시부터 사파리에 현장 줄서기 해야 편하게 할수있음
4.0,2019.2.8.,겨울이라 관광객이 많이 줄었네요. 줄 대기 시간 줄어서 좋긴한데 몇개 놀이기구는 보수로 휴장 하네요. 화원도 꽃이 없고...그래도 볼만하네요.
5.0,2019.4.11.,거의 몇년만에 다녀옴. 화요일 2~3시쯤 방문함. 일단 사람이 주말에 비해 정말 없었음. 3월 말쯤이였음. 티익스 대기 20분이면 탈 수 있어서 2번 연속탐.ㄱㅇㄷ 판다월드에 판다가 두마리뿐이라 아쉬웠음. 역시 놀이공원은 평일이 가야하는것 같음.
5.0,2022.12.1.,겨울이라 손님도 적고 좋았어요. 근데 회전교차로 11시방향 3시방향.  2시방향은  뭐래요? 헷갈려서 에버랜드에서 고속도로 타고 나왔어요. 옆길로 가지말고 국도로 타면 더 좋았을걸
4.0,2019.4.22.,평일에 간거 치곤 사람이 많긴 했는데 날씨가 좋아서 만족했다. 튤립 축제 기간이라 튤립 사진을 많이 건질 수 있다.
2.0,2023.11.20.,사람에 치이는 에버랜드였지만 엄청 크고 동물도 많습니다 놀이기구를 다타볼 수 없어서 아쉽고 철저한 자본주의 놀이공원…
5.0,2022.5.1.,어린아이부터 어른까지 모두 행복하게 만들어주는 곳입니다 정말정말 몇십년만에 갔는데 관리 잘되고 예뻐서 좋았어요 전 놀이기구는 타지않고 식당서 피맥 먹었는데 꽤 맛있었어요 밤에 불꽃놀이 진짜 아낌없이 투자했구나 생각할정도로 정말 멋지고 볼만한 장관이었어요
3.0,2025.4.27.,드림투어 다녀 왔습니다 4인 가족 180만원 정도 가이드를 해주신 직원분은 만점 하지만 어트랙션은 별1개도 아깝다 여기 오기전 도쿄 디즈니 베이케션 패키지과 너무 비교되는 어트랙션이다 딱 좋았던건 사파리 투어 하나 끝
4.0,2021.11.8.,"분명 최고의 사파리 시설과 티익스프레스가 있으나 나머지는 올드하다…주차장 유료같은건 이해할 수 있겠지만, 놀이기구들의 올드함은 자연농원의 의지를 이어받겠다는건지..아니면 퍼레이드로 다 커버하겠다는 건지 아쉬움이 있지만 그래도 테마파크인데.."
4.0,2025.2.15.,말해뭐해 주중에 이용하면 좋은거 같아요👋
3.0,2018.4.29.,유명한 놀이 공원이지만 오래 줄서야하고 운행하지 않는 기구가 많다. 숙소는 가격대비 권장할만하지 않음.  다만 꽃을 많이 볼 수 있다. 음식은 맛에 대한 기대를 버리는 것이 좋다. 시설에 대한 투자가 많이 부족하다는 느낌이다.
4.0,2020.12.6.,사파리스페셜투어 예매해서 갔다왔어요.  20만원으로 좀 비싼감이 있다 생각했지만 체험하고 나니 전혀 안아까웠어요. 애기들이 너무 좋아해서 대만족입니다.  월요일이라 그런지 인기있는 놀이기구들도 20분 채 안걸렸어요.
5.0,2021.11.17.,에버렌드 톨게이트들어서면서 주차장 가는길부터가 환상입니다.. 평일도 사람많은데 굳이 놀이기구 안타도 힐링되는곳 동심으로돌아간느낌 이곳에오면 모두다 어린시절로 돌아가고싶은곳 아이 어른 모두 같은맘이되는곳입니다
5.0,2021.1.16.,시즌마다 다양한 볼거리가 있어서 좋습니다. 우리 아이가 좋아해요. 코로나19 시기에 소독도 잘 이루어지고 있어서 안심하고 용할 수 있을거같습니다. 시간이 되면 자주 이용할 예정입니다.
2.0,2022.5.21.,"이곳이 환상의 세계...??  10년만에 간 이곳은 다른나라의 유명 테마파크와  너무 많은 차이가 나버린듯. 어느 글을 봤음. 테마파크의 가장 중요한점은 비일상성이라고 하지만 애버랜드는 입구부터 디스커버리 올리브영 8세컨즈 스타벅스 포메인 그리고 가장 놀란 로지텍 등 그냥 상업시설이 들어옴. 일단 여기서 기대감이 떨어짐. 그리고 계속 들려오는 가요. 사파리 대기줄에서 나오는 아이유 광고, 사파리버스에 써있는 삼성화재 광고. 과연 여기가 환상의 나라인가?? 상업의 나라인가 물론 회사의 최대목적은 이익임. 하지만 테마파크만은 그것을 추구하더라도 눈으로 보여져서는 안된다고 생각함. 다른 세계가 아닌 한국의 어떤 잘 꾸며진 동네에서 놀이기구를 탄 느낌임. 장미공원에서 펼쳐진 푸드트럭들과 도깨비야시장... 가격이 사악할수는 있음. 하지만 정말 거지같은 음식의 퀄리티. 15000원의 파스타는 말라비틀어진 면을 써서 언제 만들어졌을까 의문이 생김. 16000원의 카레는 오뚜기 제품, 오꼬노미야끼의 양은 라면 1개수준의 양. 작은 부분부터 큰부분까지 몰입하면 할 수록 환상이 떨어지는 환상의 세계 어쩔수없는 걸 알지만 아쉬움이 크게 남는 환상의 세계. 5년뒤 10년뒤엔 더 노후화되고 더 상업적으로 변하겠지. 아쉬움이 크게남는다."
5.0,2022.3.8.,앱으로 미리 줄서기가 되어있어 들어가자마자 등록해야해요~ 바람이 많이 불어 추웠는데 화장실 엄청 따뜻. 다른 놀이공원에 비해 음식은 다양해요
5.0,2023.4.12.,10시에 들어가 22시에 나옴.. 아이 있는집이면 적극 추천.. 평일이용 바람.. 대기 많이 없고 느긋하게 즐길수 있음.. 6살 첫째가 피터맨 강추함~
5.0,2019.10.10.,제법 쌀쌀한 날씨인데도 주차장이 꽉차서 1주차장까지 가서 세우고 저녁무렵인데도 사람이 이렇게 많으리라고는 생각못했는데... 할로윈 축제를 퍼레이드로 행하고 T Express 도 30분 기다려 타고 내려오니 벌써 1시간 줄로 늘어나서 역시 오늘 운은 좋은 셈... 야간에도 조명과 함께 운행하는 놀이기구들이 대단하네요...
4.0,2019.5.20.,~5.26 KT포인트 40％ 차감 할인혜택 가능(동반 차감없이 10%)  6월 16일까지 장미축제가 진행되니까 나처럼 어트랙션에 흥미없어도 테마파크를 충분히 즐길 수 있다  #cityguide
5.0,2020.7.15.,"부슬비가 조금내린날이라 무더운 날보다 광장에 있는 아름다운 꽃과 꾸며놓은 오브제들을 감상하기에  좋았다. 평일에버랜드는 거리두기도 잘 지켜지는 편이고 대부분 다 마스크를 착용하고 있고, 붐비지도 않아서 이용객 안전도가 높은듯 하다"
4.0,2023.4.28.,오픈 10시. 10분전 부터 입장가능. 오픈런 팬더마을 9시50분부터 스마트줄서기 예약가능. T익스는 10시 20분부터 예약가능하니까 팬더보러 입장해서 보다가 시간 맞춰 스마트줄서기 예약 추천. 오후 2시까지는 스마트줄서기만 가능. 1시 30분이면 스마트줄서기 인원 거의 빠짐. 그 때줄서면 대기시간 엄청 단축됨.
5.0,2019.3.11.,평일인 오늘 에버랜드에 왔더니 정말 좋네요 ㅎㅎ 비록 t익스프레스나 바이킹 트위스트는 점검으로 오후1시에 오픈하긴 하였으나 그덕에 12시30분 t익스프레스를 미리가서 줄을 섰더니 첫번째로 탔고 그 뒤에 티익스를 제외하곤 대기열이 없어서 여러가지 놀이기구를 맘껏 탈수있어서 좋았네요 ㅋㅋ 에버랜드는 평일에 가세요 (그리고 장미퍼레이드는 지금 공사중인걸 보니 곧 오픈할것 같습니다)
5.0,2021.4.26.,"코로나 방역수칙 철저해서 재밌게 놀고 왔다! 줄 서기 없이 어플로 예약하고, 식당 음식도 대체적으로 맛있었다. 또 가고 싶다~"
5.0,2021.10.13.,평일은 역사나 많이 기다리지않고 놀이기구를 탈수있다. 날씨가 너무 좋아서 다행이였다. 할로윈 페스티벌 기간이라 더 즐거웠다
5.0,2020.1.28.,어른들이 가도 재밌었어요. 넓고 깨끗했고. 팬더가 너무 귀여웠어요.한번의 방문으로는 부족하고 여러번 가서 제대로 놀고싶은 곳입니다
4.0,2022.5.25.,참 오랜만에좋은공기씌우고엄마모시고다녀왔어요. 로즈가든이목적이었어요 그런데옛날에는정문오는길에 무빙워크도탔던거같은데없어서 조금 엄마가힘드셨네요. 코로나때문에 피해가느껴지는흔적이꽤보였어요.다음에갈때는 조금더단장된모습기대해봅니다. 그래도결론은좋았습니다
5.0,2023.4.5.,"즐거운 놀이 경험, 시설은 여타 디즈니랜드에 뒤쳐지지 않는다 다만 디즈니에선 청소하는 분들도 친절하고 미소가 담겨있는데 에버랜드 직원들은 지치고 화난느낌?"
5.0,2023.7.16.,"아이들과 가볍게 가서 즐길 수 있는 곳. 아마존익스프레스, 사파리월드, 로스트밸리, 판다월드, 포시즌가든 등 다양한 볼거리가 있다. 여름에는 특히~~ 물쇼. 워터밤!! 25년도 케데헌과 함께함"
4.0,2022.9.18.,찍은 사진이 사파리쪽에서 밖에 없어 이거라도 참고하시라고 올려드립니다. 휴일에 갔고 역시나 T 익스프레스와 아마존 그리고 롤링 엑스 트레인의 대기는 상당했습니다. 3개 다 즐기고 싶으신 분들은 평일날 시간 내셔서 가는걸 추천드립니다.
5.0,2019.11.20.,오랜만에간 에버랜드에서 눈치게임성공으로 대기시간없이 놀이기구들 타고 나오니 정말 ㅠㅠ 이곳이 천국의놀이터구나 생각이들었다.. 오늘 날씨너무추웠는데 일하시는직원님들 다 너무밝고 좋은에너지뿜뿜이어서 보는나도기분너무좋았다. 꽃길만걸으셔요~♡
5.0,2024.3.7.,1. 본관 주차장은 만원 정도 주차비가 들지만 훨씬 낫다. 하지만 사람이 많다면 불가 2. 용인은 원래 다른 지역에 비해 2도 정도 낮고 에버랜드 있는 지역은 더한데다가 거긴 산이라 진짜 춥다 3. 사진을 찍을거라면 무조건 푸릇푸르한 봄 가을에 가기를... 겨울은 춥고 츕고 추울 뿐 4. 화요일이 제일 사람 없는 듯?
3.0,2025.5.22.,놀기 좋고 잘 되어 있고 놀이기구 대기 너무 길지만 그래도 굿
3.0,2018.5.11.,정말 넓고 볼거리 즐길거리 많지만 연휴기간이라 놀이기구 1개와 사파리투어 1개함  별을모아 예약할수있는 어플을 설치해서 2시간 30분 기다렸지만 예약이 안되서 화남  휴일에가는건 정말 비추  T익스프레스 정말재밋고 퍼레이드는 정말화려함
5.0,2020.6.25.,아이들이랑 가면 동물과 놀이기구 위주로 보지만 오늘은 혼자 정원위주로 둘러보았어요. 정원은 계절별로 잘 꾸며져 있어요. 허브도 곳곳에 심어져서 향긋합니다. 코로나에 마스크껴고 둘러봤지만 야외라 좋았습니다. 사회적거리두기도 잘 지켜지고 있었습니다.
5.0,2023.10.7.,너무 유명한 곳이라 설명은 필요없을 듯. 사람이 많아 대기시간이 너무 길어요. 가기전 어플 꼭 깔아서 대기시간 확인필수!
5.0,2022.4.25.,"요새 날씨가 좋아서 그런지 사람이 엄청 많았습니다...앱 미리미리 꼭 설치해서 가시고 주말 방문 예정이시라면 꼭 점심은 11시쯤 미리 드시거나 2시 이후에 드시는걸 추천 드립니다.. 그시간동안 다른 엑티비티를 즐기세요!!! 그중에 제일 괜찮았던건 애니멀톡, 판타스틱 윙스는 꼭 보시는걸 추천 드립니다. 판다는 오후에 가도 충분히 보실수 있습니다!! Texpress 도 너무 재밌으니 꼭 타세요!"
5.0,2022.3.18.,너무너무너무 재밌었어요~ 놀이기구도 많이 타고 더불어 귀여운 동물들도 볼 수 있어서 좋았습니다! 아이들도 많고 다들 너무 귀엽네요♡
5.0,2023.11.11.,에버랜드는 항상 옳습니다. 다만 사람은 언제나 많기 때문에 줄을 서는 것은 각오해야 해요. 정말 넓기 때문에 편한 신발이 필수입니다. 눈치게임에서 승리하세요!
5.0,2020.3.8.,에버랜드 십년째 연간회원이에요.아이들이 커가는 모습을 에버랜드가 성장하고 변화하는 모습과 함께 했다고 말할 수 있어요.아름다운 장미정원과 계절별로 가꾼 포시즌 가든도 갈 때 마다 들르는 장소랍니다. 우리 가족의 추억과 함께 커가는 에버랜드 사랑해요^^
5.0,2021.4.11.,에버랜드 주변 경관이 너무좋아서 드라이브코스로 추천드립니다 벚꽃나들이갔는데 코비드상황으로 도로변에서 벚꽃과 철쭉을보는것으로 만족했네요^^ 그래도 잠시나마 예쁜주변경관보고 힐링하고왔네요^^
5.0,2023.1.19.,눈이 많이와서 놀이기구들은 다 강설대기...ㅠㅠ판다월드와 사파리만 보고 나왔지만 아이가 즐거워했으니...ㅎㅎㅎㅎㅎ자이언트판다 아이바오 러바오 넘 귀엽고 레서판다 레몬이도 봐서 좋았음.....푸바오를 못봐서 아쉬웠음...
5.0,2025.11.21.,힘든 만큼 재미있어요(50대아빠).
5.0,2025.3.3.,"2월말 3월 초 주말에 오면 큰 기다림없이 T익스프레스, 사파리, 아마존 등 다 여유있게 탈 수 있어요. 옷 따뜻하게 입고오세요 ㅎㅎㅎ"
5.0,2020.9.11.,아이들과 같이 가기 좋음 특히 사파리 스페셜투어는 비싸긴 하나 한번정도 아이들과 가는걸 추천하고 코 앞에 맹수들을 볼 수 있는 스릴이 있음 주차는 정문주차가 7월부터 할인적용하여 만원이고 카카오T통하면 오천원할인 됨 입장권은 입장전 앱설치후 QR스캔하여 등록 후 이용바람
4.0,2024.10.15.,너무좋지만 세월의 흔적때문에 케이블카타고내려올때보면 여기저기 녹슬고 낡아서 분위기가 좀칙칙하지만 좋다.
5.0,2024.10.16.,너무 좋습니다.요즘 할로윈 컨셉이여서 분위기가 으스스합니다. 티익스프레스는 밤에 타면 야경이 엄처 예쁩니다.
5.0,2019.12.20.,베리굿! 아이들과 친구끼리 연인끼리 함께하기에 최고의 장소. 할로윈 시즌이 끝나고 골든 일루미네이션 테마가 아름답게 꾸며져있다. 산책삼아 걸으며 즐기는 동물원. 신나는 구경거리와 짜릿한 어트랙션. 맛있는 간식과 식당들도 있으니 모든것을 즐기기에 하루가 짧다고 느껴진다. 마지막 퍼레이드이후 포시즌스 가든에서 레이저쇼와 불꽃놀이가 펼쳐지는데 강력추천. 시즌별로 바뀌는 공연이 알차고 불꽃놀이도 너무나멋지다. 즐거운하루보내기에최고. 관광지이므로 비싼물가는 감안할것.
4.0,2019.1.24.,음... 지금은 2월 1일까지 T-익스프레소 못타니까 참고하세요 ㅠ 그리고 식당은 KFC추천 (그나마 저렴하고 맛있어요 그리고 락 스핀이 사람도 없고 진짜로 짜릿해요 (운동화 무ㆍ조ㆍ건 신으세요 [가보시면 이해하실꺼에요] 그럼 여러분도 좋은추억 만들어가세요
5.0,2022.10.20.,역시... 에버랜드... 이번에 다른곳에서 50프로 할인된 가굑에 이용권이 풀려서 다녀왔는데 수욜인데 사람 개많습니다. 지금 중고등학생들 피크닉기간+할로윈 크리로 사람많다많다햇는데 티익스프레스는 계속 대기 200분이다가 8시즈음해서 120분으로 바뀌었어요. 에버랜드앱으로 줄 대기라인계속 확인하세용...
4.0,2022.4.27.,오랜만 나드리.. 사자보러갔는데 사람 너무많아 포기..ㅡ.ㅡ 역시 예매는 필수인듯 합니다. 날도 좋고 코로나 거리두기 완화도 사람이 몰리게하는 큰 이유였던듯. 여튼 사람구경부터 볼꺼리가 너무많아 재미납니다^^~
5.0,2018.9.11.,말이 필요 없는 국내 최고 리조트 7년째 연간회원입니다.  나이가 먹어도 항시 새로운곳이네요...
1.0,2023.11.22.,겨울 오후권 구입 후 방문. t익스프레스 운영안함. 오후에 운영 안하는 곳들이 많음. 탈만한 어트렉션 없음. 그 흔한 4d체험관도 없음. 부지의 반이 기념품 샵인듯. 조명이라도 예쁘게 켜놓으면 그나마라도 위안이 됐을텐데. 유일한 볼거리는 판다와 몇몇 동물들. 이제 에버랜드는 정처없이 돌아다니며 어린이들 구경하는 곳. 에버랜드가 이제는 추억 속에만 존재하는 꿈의 동산이 된 듯.
4.0,2023.2.15.,"해마다 2~3번을 다녀오는 에버랜드. 올해 첫 에버랜드를 2월에 다녀왔네요.  놀이기구 타기에 아직은 날씨가 좀 춥습니다.  걸어다닐때는 그렇게 춥다는 생각이 안들었는데, 놀이기구 타니 매우 춥네요.  나비 요정인가 뭔가가 새로 오픈했길래 들어가 봤는데, 살아 있는 나비를 볼 수 있돈 것은 좋았지만 장소가 매우 좁아 사진 몇장 찍고나면 딱히 구경할 꺼리는 없었습니다.  예전에 진행했던 반딧불 보는게 더 나았던것 같아요.  날씨가 추워서 아마존 같은 어트렉션도 운행을 안하고 있었고, 인기 어트렉션이 5시면 마감되서 아쉬웠습니다.  어트렉션 운영시간이 오후7시면 끝이라 많이 타지 못하고 왔네요."
2.0,2024.5.19.,오전10시쯤에 갔는대..아이들없이 가는분들은 무료주차하시고 셔틀타고 가시면 대구요..주토피아 놀이동산 대부분 스마트줄서기를 안하면 입장이 힘들고 스마트줄서기도 하루2번 그시간놓치면 현장줄서기밖엔 할수없고 인기있는 어트렉션은 현장줄서기만 가능하고..참 볼것도없고 할것도없어서 2시간만에 나왔어요..가실분들은 Q패스 끊고 가시는거 추천드립니다
5.0,2023.2.27.,친구들과 같이 갔었는데 첨에는 갔을때는 뭐를 탈지 몰랐었는데 다닐때마다 이곳저곳에 놀이기구가 많아서 생각보다 더 많이 탈 수 있었다. 바이킹줄이 길어서 진~짜 많이 기다렸는데 빨리오기 잘한건지 뒤에 사람 더많았다. 바이킹강추!! 일단 애버랜드는 전체적으로 다 재미있었다.
5.0,2021.11.3.,"2시 20분에 정문도착해보니 저희처럼 오후권 끊으신 분들이 어마어마! 입장대기줄이 너무길어서 깜짝 놀랬어요! 입장하고서도 사람들이 정말 많아서 우와 진짜 대박이다아!!했어요❤ 에버랜드할로윈분위기 가 물씬 느끼게해주는 평범하지않은 복장의 사람들도 꽤 많이 만날 수 있어서 사람들 보는 즐거움도 있었구요😊 에버랜드지도 챙기기는필수 ✔ 어디가든 놀이기구줄이 1시간반은 기본이라 이번엔 놀이기구타는건 아예 제외시켰어요 작년에 타고싶은걸 다 타봐서 아쉬움이나 미련도 없었답니다 😊 So, 저희목적은, 에버랜드 내, 자연즐기기! 오후,저녁타임 할로윈퍼레이드 즐기기! 오후퍼레이드 4시 시간에 맞춰 하나둘 사람들이 모이기 시작해요^^ 다들 미리 퍼레이드가 잘보이는곳에 자리잡으려구 1시간 전부터 앉아계시는분들도 계셔요🙊! 퍼레이드 정말최고! 못보신분들이라면 꼭 보시길추천해요!😊 모두들 이 곳에서 행복한 추억 만드시길바래요 🌸"
5.0,2026.1.10.,너무제맜고 신기했어요 꼭 가보세요!!
5.0,2023.8.1.,"1년여 만에 에버랜드를 방문 했습니다. 너무 덥고 힘든 날이었지만, 놀이공원을 보니 설렜네요 ㅎ 밤밤쇼도 보고, 아마존도 타고, 즐거운 하루였습니다."
5.0,2023.12.5.,환상의 나라로 오세요~🎶 거의 10년만에 방문한것 같아요. 귀염둥이들 (러바오/푸바오) 보러 갔었는데 좋은 시간이었습니다.
5.0,2024.7.26.,"여름엔 오후입장햐서 불꽃놀이까지 즐기길 추천요!! 7,8월은 너무 더워 대기시간이 짧습니다.  7월 마지막주 목요일에 갔을때 4시즘에는 t express 20분도 안되서 탔어요. 연속 가능. 그리고 야간개장의 대미. 불꽃놀이!! 에버랜드 이래서 돈은 벌 수 있나요?? 하늘에 불꽃을 쏟아붇는거 같아요. 땡큐에버랜드!"
5.0,2021.3.28.,지금은 튜립 축제 기간. 알록 달록한 예쁜 색들의 조합이 새로운 봄이 왔음을 젤 먼저 알려주는 듯 하네요
4.0,2024.4.6.,건물을 너무 많이 지어서 답답함. 판다는 말할 필요없이  귀여움. 호랑이 카리스마 짱. 재방문은 글쎄요.
5.0,2021.4.24.,"사파리월드, 로스트밸리 개장과 동시에 일찍 오면 긴 줄 대기없이 거의 바로 입장가능. 그외 자잘한 어트랙션이나 즐길거리 여유있게 즐기기 추천."
4.0,2018.6.6.,"5월의 마지막날 평일에 다녀왔습니다. 사람은 성수기 연휴에 비하면 많진 않지만 소풍, 수학여행 시즌이라 가장 인기있는 T익스는 오픈하자마자 빠른 걸음으로 갔을 때는 30분, 저녁에 사람이 적당히 빠졌을 때에는 60분 소요됩니다.  레니찬스 적절히 사용하면 인기시설은 하루동안 거의 다 이용할 수 있습니다. 티익스를 제외하면 거의 백프로 레니찬스 성공할 수 있고 '저 사람들은 뭐길래 늦게 와서 빠르게 입장하는가' 차가운 눈빛을 받으며 Q패스를 이용하실 수 있습니다.  포토존은 저처럼 인물사진에 자신이 없는 분은 곳곳에 배경을 이용하시기 바랍니다. 가동되지 않는 관람차를 한쪽 귀퉁이에 걸쳐놓고 한껏 다리가 길게 나올수있도록 아래쪽에서 혹은 광각렌즈를 사용하시고 장미축제가 열리는 가든도 웬만하면 예쁘게 찍힙니다. 배경이 다해줍니다.  이제 본격적인 여름이라 햇빛을 가려줄 양산과 휴대용 선풍기가 있으면 동반인과 다투지 않고 좀 더 버틸 수 있습니다. 물론 아예 안 다투기는 힘들고요. 네. 저는 안다퉜습니다. 에버랜드 내에서도 팔고 있으니 '놀러온 김에 돈도 쓰고 그런거지~'하시는 분은 미리준비 해 오실 필요는 없습니다만 요즘 휴대용 선풍기는 건전지가 아니라 usb 충전용이라 금방 방전이 될 수도 있다는 사실을 리멤버.  음식의 맛과 가격은 아시다시피 평소 편식했던 나의 입맛을 반성하게 만드는 자리를 마련해줍니다.  리프트와 무빙워크는 왜인지 이유를 알수없지만 갈때마다 수리중이며 아이를 동반한 부모님들께서는 충분한 물과 휴식을 권장드립니다. 에버랜드는 이동경로에 경사가 조금 있는 편이라 가끔 지나다니는 전동휠체어를 비롯한 전동이동기기를 부러운 시선으로 바라보는 분들을 종종 목격할 수 있습니다.  밤 9시 40분쯤 열리는 불꽃놀이는 적당히 차로 돌아가는길에 봐야겠다 했으나 주차장에선 볼 수가 없습니다. 예쁜 불꽃놀이 사진을 찍으려다가 그저 멍하니 밤하늘의 미세먼지만 볼 수 있으니 이건 꼭 찍어야겠다 싶으신 분들은 다들 가든으로 모여주세요."
5.0,2024.2.23.,푸가족 보러 다녀왔어요 비가 오늘 날씨라 놀이기구는 운행을안하였지만 덕분에 우리 푸가족을 다 볼수있었어요~ 푸 떠나기전에 볼수있어서 다행이었어요~~^^
5.0,2024.6.1.,장미축제 시즌이라 장미원에서 에쁜장미와 즐거운시간을 보냈어요
4.0,2019.10.17.,"놀이기구 타기, 퍼레이드 구경, 동물 탐험으로도 하루가 금방 지나감. 10월은 할로윈 호러 나잇 시즌이라, 저녁 6시 이후 좀비 퍼포먼스 같은 다양한 볼거리가 많음. 성인이 방문해도 재미있음. 많이 걸어야 하니 편한 옷과 선크림 운동화는 필수 아이템."
5.0,2023.10.12.,"에버랜드 입장하자 마자 앱으로 로스트밸리, 사파리중 하나 스마트줄서기 하세요. 아니면 한시 반쯤부터 줄서서 대기해야 탈수있어요.  아마존이랑 썬더폴스는 좀 젖을 수 있어서 우의 챙기는게 좋아요. 에버랜드 내 우의는 15000원 정도니깐 다이소에서 미리 사는게 좋아요.  판다월드는 9월부터 5분 관람으로 바뀌어서 조금 아쉽지만 5분이면 그래도 볼만큼 볼 수는 있어요. 러바오는 하루종일, 푸바오는 오후에 나오고 보통 하루 종일 자고 있어요. 래서판다는 진짜 귀여워요"
4.0,2018.9.23.,말이 필요없는.. 우리나라에선 최고의 놀이공원. 솔직히 제일 좋은건 맞음. 외국에 비해선 쫌 맘에 들진않지만 갈때마다 잼있게 놀고오는곳.
5.0,2023.10.24.,1. 10월 월요일도 사람많음 2. 활동 하기 넓지만 볼고리도 많고 좋았음
1.0,2024.8.12.,키 100센치 미만은 탈수 있는것도 몇개 없던데 개월수로 입장료 다 지불하는건 아닌거 같아요 키로 입장료를 다르게 받는게 더 공평한것 같습니다.
5.0,2025.5.6.,"아이들한테는 아직 최고의 놀이공원,,, 즐겁게 즐겨라!!"
4.0,2019.10.10.,평일인데도 인파가 적당해서 잘보고왔어요! 날이 급추워서 좀 고생하긴 했지만서도 애들에게 좋은추억하나 남기고오네요!
5.0,2019.12.25.,크리스마스 이브날 아이들과 아침부터 저녁까지 즐겁게 보냈습니다. 역시 평일 휴가로 개장에 맞춰 오니 원하는 것들을 충분히 이용할 수 있었네요.
4.0,2020.1.3.,춥지만 즐거웠네요. 특히 밤에 일루미네이션은 정말 이뻤어요~. 사람이 많지는 않았는데도 눈썰매 한번 타려면 50분 기다려야 하는게 너무 힘들었네요. 눈썰매 타러는 두번다시 안 갈것 같아요. 그래도 다른 놀이기구는 즐거웠어요
5.0,2018.6.13.,불꽃놀이와 퍼레이드가 일품! 물론 동물원과 놀이기구도 많습니다. 주말이나 휴일에 가면 대기시간이 좀 긴 것은 흠
5.0,2023.3.30.,평일이라 사람이 없을 줄 알았는데 생각보다 많아서 놀랐어요 그래도 워낙 공간이 넓어 복잡하지 않아 좋았습니다! 화장실도 깨끗하고 무엇보다 놀이기구 넘넘 재미있었어요! 곳곳에 포토존도 정말 잘 되어 있어 사진찍기도 좋았습니다~
4.0,2021.7.17.,"넓은 주차장, 나이스한 퍼레이드쇼 (카메라보고 아는척해주는 일일하 포징해주는 퍼레이드인원들 감사합니다, 진짜 얼굴작아서 소멸직전의 비율을 보며동유럽의 힘을 느낌), 재미있는 아트랙션까지.. (트위스터 아오~~, 주머니에 물건 빼세요, 저희탈때 라이터 튕겨나감) 사진찍기도 예쁘고 봄날, 가을날 날좋을때 가족놀이, 데이트코스로 딱맞음 ..단 혼자는, 남자끼리는 가지마세요 ㅠㅜ"
5.0,2018.12.11.,"한국 최고의 놀이공원&동물원 연인들의 데이트, 학생들의 체험과 놀이, 가족단위의 여행 등에 적합하다고 생각함. 여름에는 캐리비안베이, 봄에는 튤립축제가 예쁘고 가을에는 단풍이 예쁨. 겨울에는 눈썰매장이 다양한 수준에 맞게 잘되어 있으나 일찍끝남. 스토리가 있는 세계적인 디즈니랜드에 견줄만함. 테마마다 완성도도 있고 미래와 과거가 함께 있어 자연농원의 추억도 함께 있는 곳."
5.0,2022.1.1.,추워요 포시즌스가든 들어가려면 QR인증 해야해서 줄을 길게 서야해요. 퍼레이드나 불꽃놀이 보려면 돗자리 필수고 담요나 방한장비 단디 갖추셔야합니다.
4.0,2019.5.17.,"국내 최대 테마파크 볼거리 즐길거리도 많다. 다만 차없이 가기 번거롭고 주차도 발렛아님 불편한 점도 있다. 아 그리고 사람도.. 정말 너무 많아서 주말엔 사람 구경하러 가는 것 다름 아닐 수 있고, 식음료는 비싸고 수준은 그닥 높지 않다. 그래도 하루 종일 있을 수 있을만한 곳! 봄엔 장미축제를 연다.  国内で最大の規模を誇ってるテーマパークである。車なしに行くのは大変で、駐車もきびしい。大勢の人が集まっていて人気ある施設はいつも満席だ。家族と一緒に行けば、動物や庭に会える。春には（特に5月）バラの祭りがある。"
5.0,2025.11.23.,케데헌 싱어롱과 함께 콜라보레이션 좋았습니다
5.0,2021.10.12.,나이트 사파리 짧지만 임팩트 있어서 좋아요. 동물들 보는 즐거움이 좋네요. 로스트벨리를 못본게 아쉬어요.
4.0,2025.11.7.,우리 재패니즈 친구들이 좋아해요~
5.0,2022.5.20.,동물도 보고 꽃도 보고 공연도 볼수 있고요 춤추는 사람도 만날수 있고 놀이기구도 탈수 있으니까요 좋아요 쓰레기통도 주변에 있었어요 좋아요
4.0,2019.3.11.,"말이 필요없는 대한민국 최대규모의 놀이공원  군인 장교들의 경우 휴가증과 함께 공무원증을 제참하여 100% 할인 혜택을 받을 수 있는데 App을 설치하고 예약을 해야 할인 받고 입장이  가능하다  주차는 대개 셔틀버스를 타고 가야 하는 곳으로 안내받게 된다 셔틀버스 없이 바로 걸어갈 수 있는 주차장 (M~)의 경우, 오전 일찍 가면 자리를 맡을 수 있을지 모르겠다  인포메이션 센터에서 지도를 받아야 대략 어느곳으로 갈지 정할 수 있고 방향 설정이 가능하다 지도를 곳곳에 비치하면 좋겠다는 생각이 들었다  내가 이용한 곳은 판다월드-아마존익스프레스-스카이웨이/스카이크루즈-사파리월드-피터팬 였다  판다월드,아마존익스프레스는 해당항목에 기술  스카이웨이 는 스키장 리프트 라고 보면 된다 스카이크루즈는 곤돌라 로 생각된다 두 가지 모두 2인만 이용 가능하다 놀이기구 라기 보다는 이동의 편의를 위한 것 같기는 하나, 사람이 많아서 웨이팅을 해야 했다  사파리월드가 따로 항목이 나뉘어져 있지 않아 여기서 기술 블로그에 보면 좌측 운전기사분 바로 뒷 자석이 좋다고 되어 있다 일부러 그 자리를 차지하기 위해 눈쌀을 찌푸리게 만드는 행위를 여러차례 한 가족이 있어 화가났다 (제발 매너좀 지키셨으면...) 호랑이-사자-곰 등 맹수 우리를 차례로 건너가게 되는데... 호랑이/사자 때는 사실 좌측이든 우측이든 상관이 없다 오히려 우측좌석에서 더 잘 관찰할 수 있는 경우가 많았다 그러나, 마지막 곰 구경을 할 때는 운전기사분께서 곰에게 재주를 넘게 하고 과자를 던져주기 때문에 좌측좌석이 훨씬 더 가까이서 곰 감상이 가능하다는 장점이 있다 이날 마침 초식동물들을 볼 수 있는 '로스트밸리' 를 열지 않아서인지는 몰라도 사파리월드 인기가 대단했다 거의 70분 이상 대기줄이었다  피터팬 앞으로 회전 후 뒤로 회전하는 말 그대로 가만히 앉아 있으면 빙글빙글 움직이는 놀이기구 였고 상당히 빠른 회전속도를 자랑했다 이때도 제발 위험하니 휴대폰으로 사진촬영등 하지 마라고 안내원이 말하는 거를 무시하는 사람들..ㅠ  총평 좋았던 점 1. 롯데월드나 서울랜드에 비해 특이한 동물들이 많았고 가까이서 볼 수 있었다 시설관리가 굉장히 잘 되었던 것 같다 유리가 아주 반짝였다 2. 휴지통이 정말 많았다 그래서인지 몰라도 거리가 굉장히 깨끗했다  아쉬웠던 점 1. 좌판 먹거리의 다양성 부족 먹거리가 비슷비슷... 츄러스 옥수수 아이스크림 닭꼬치 핫도그 팝콘 소시지 솜사탕 같은 메뉴를 여기저기서 판매하고 있었다 (쓰다보니 꽤 많다고 생각되지만 더 다양했더라면 어땠을까 싶음) 2. 비슷비슷한 기념품점 여기저기 기념품점을 각각의 특성을 살려 여기 매장에서만 구매 가능한 '한정판' 으로 판매했다면 더 잘 팔리지 않을까 싶었음"
3.0,2019.6.9.,역시 에버랜드는 주말에 가면 지옥입니다. 기본 1시간 이상 기다려야 합니다. 특히 로스트 밸리 꼭 봐야 한다는 내용들 무시하세요. 아이들을 위한 놀이기구? 버스입니다. 동물 보는 겁니다. 그나마 사파리월드는 버스 기사가.. 로스트밸리는 안내원이 재밌게 스토리로 이야기합니다. t익스프레스인가 그걸 타세요. 기본 2시간 이상입니다. 그걸 탈 수 있을 때 타세요. 재미보장 그리고 나머지는 2시간이내에 탑승 가능합니다. 여름에는 특히 선풍기 돗자리 간단히 먹을걸 챙겨가는것이 좋습니다. 물도 필수구요. 그리고 퀵패스 하려면 하는게 좋아요. 1년에 1번 가는 사람들은 말이죠..
5.0,2019.5.30.,비오는 평일 다녀왔어요 장미 축제 중이라 은근 분위기 있고 좋았습니다 16년만에 방문인데 만족합니다
5.0,2024.1.23.,푸바오 보려고 갔어용 2시간 기다려서 5분 안에 자이언트 판다와 레시 판다를 모두 봐야 한다는게 허무 했지만 바오 가족 볼 수 있어서 좋았어요
4.0,2021.12.14.,앱으로 스마트줄서기를 해서 이전보다 줄서는 시간이 줄어서 편하네요. 동물원도 재밌는데 나이트사파리는 강추합니다. 밤에 하는 야간 퍼레이드도 화려하고 멋있네요.
5.0,2023.5.21.,사람들이 정말 많아서 놀이기구는 하나도 못 탔지만 여자친구과 좋은 시간을 보내서 정말 좋았어요. 👍 다양한 동물들을 보고 오는 것만으로도 충분히 만족할 수 있었어요.
5.0,2022.3.29.,"제가 연간회원이라 많이 다니는데 진짜 강추에요! 밥 매뉴는 별로지만 놀이기구들이 너무 재미있어서 벼로 신경은 안쓰이구 젤 추천하는놀이기구는 허리케인,더블락스핀입니다 짱짱😍 그리고 레이싱코터는 안질려요 ㅋㅋ 그래서 맨 처음에 타는편😝 요즘 튤립이 대세인데 너무 예쁨"
5.0,2024.2.9.,겨울시즌에 가면 저녁 7시30분부터 8시까지 불꽃놀이를 볼 수 있고 크리스마스 트리 야간 장식을 즐길 수 있어서 너무 아름답다.
4.0,2025.2.21.,지난 추운 겨울 에버랜드에서 푸바오가 있을 때를 추억하며 푸바오 안녕!! 보고 싶어!!
5.0,2022.6.4.,5월13일날 체험학습으로 5년만에 다녀왔는데 정말 재미있었습니다!다만 이때 앱 서버가 터져서(?)친구는 스마트줄서기하고 저는 스마트줄서기가 안됬어서 T익스 못탔었어요ㅠㅜ그리고 데이터도 잘 안터졌어서 조금 불편했섰습니다..그치만 정말 재미있었습니다:) 에버랜드 앱 적응하시면 정말 편하게 에버랜드 다니실 수 있어요!
5.0,2021.8.21.,"아이와 함께한 비오는 날의 에버랜드는 사람도 많이 없어 자유로운 주차, 짧은대기, 많은 동물들까지 아주 쾌적하고 좋았습니다~^^  그런데 중간 중간 날씨도 파란 하늘을 보여주어 또 하나의 소중한 추억을 만들었어요~! 비오는 날 강추!!"
5.0,2021.8.3.,"역시!최고의놀이동산. 꼭 저렴한카드할인추천. 발렛도추천.ㅋ 사파리,로스트월드는 오전추천요~ 플레이스토어에서 꼭 어플다운받아서.맵보면서 꼼꼼히 이용하세요. 첨이었는데 맵보면서 잘다녔어요. 단지 꽃구경을 잘못했지만.ㅠ"
4.0,2020.7.12.,"어트렉션 뿐 아니라 자연의 공기 및 동물들도 구경할 스 있어서 즐거운 곳. 다만 입장 요금도 비싼데 안에서 뭔가 사먹는 돈이 아까울 정도로 비싸다. 그렇다고 안사먹을 수 있겠냐고...ㅜㅠ 에버랜드 어플을 깔면 어트랙션의 대기 시간도 한눈에 볼 수 있고, 내 위치도 파악이 가능하니 꼭 사용하자."
5.0,2023.12.6.,푸바오 최고입니다!! 푸바오만 3번 봤네요ㅎㅎ 관련 굿즈도 많아서 구경하는 재미가 있습니다. 퍼레이드도 재미있습니다. 나비체험관(?)이 아주 멋졌습니다ㅎㅎ
5.0,2023.10.16.,평일 인데 주말 처럼 많은 사람들 방문함. 야간개장  퍼레이드 및  불꽃놀이 볼만함.  끝날태  제일 화려함
5.0,2021.10.20.,"저희 세가족 첫 놀이동산 방문이였는데 아이도 너무 좋아하고 저희들도 너무 즐거웠어요^^ 특희 웨건을 대여(5만원 보증금, 3만원 대여료)할 수 있어서 정말 세상편안한 여행이였어요~ 이거 없었음 어쩜 방문 2시간도 안되서 집으로 갔을지도 ㅋㅋ 다들 유아가 있으심 이용하시면 좋으실것 같아요^^ 피곤은 하지만 기분좋게 집에 갑니다,"
5.0,2023.5.17.,평일이었지만 초중고 소풍으로 많이 왔더라구요 ~ 5월중순이라 장미는 아직이고 다른꽃들 보고왔어요~인기 놀이기구는 기본 한시간은 기다려야해서 구경 위주로~  판다 푸바오도 보고 ♡
4.0,2022.11.26.,"오후권으로 방문했습니다. 입장료는 25,000원이고 당일 예약 가능합니다. 회전목마도 예쁘고 퍼레이드도 멋집니다."
4.0,2017.9.24.,국내 한정 최고의 놀이공원이며 롯데월드랑은 라이벌이라고 부르기도 민망하다. 언제나 실망시키지 않으나 접근성이 나쁜게 단점. 또한 놀이기구는 즐길만한 것이 많으나 자체 IP 확보가 미진하기 때문에 해외의 놀이공원과 비교한다면 아쉬운 점이 많다.
5.0,2023.4.17.,일요일 방문했어요. 10시 개장에 대기줄이 엄청 길었어요. 어린 아이들 동물 보여주러가기 좋았어요
5.0,2023.4.15.,"356 이용권으로 야간 퍼레이드만 보고 왔어요! 저녁 먹고 산책삼아 다녀왔는데, 아이들하고 오기에 정말 좋아요!!^^"
5.0,2023.2.23.,역시 환상의 나라 에버랜드~ 다만 아쉬운점은 비성수기라 그런지 7시에 문을 닫더라구요. 비성수기인데도 t 익스프레스 기다리는 시간은 1시간 30분은 기다린거같아요. 서울 사시는 분은 강남에서 에버랜드 가는버스가 있어 편히 교통 이용하실 수도 있어요!
5.0,2021.4.1.,"역시 에버랜드는 모든 면에서 최고네요.  벚꽃 + 튤립의 조화가 환상적입니다.  코로나 때문에 사람이 적을 줄 알았으나~  생각보다는 붐비기는 했지만,  즐거운 시간이었습니다"
5.0,2023.4.23.,"앞으로 자주오게 될 곳이니까요 :) 꾸준히 가는 곳..  뭔가 이상하다 했는데, 지난번에 화재 발생했던 나무가 사라졌어요... 아쉬움.."
5.0,2023.10.18.,돈을 쓰면 쓸수록 재밌음 애가 없다면 나이트사파리 비추 경험하러 가기엔 나쁘지않지만 애들 장난아니고 기빨림  플랜잇 강추 티익스 3시간 기다릴거 한번에 들어감  동물아카데미 추천 살면서 기린 밥을 언제 주겠음  발렛도 강추 주차장 길 장난 아니고 무료주차장에 주차하면 올라오는데 3박4일걸림
5.0,2020.1.26.,오랜만에 가본 에버랜드 일찍부터 갔는데 사람들이 꽤나많다 낮 날씨는 따뜻한데도 운행하지 않는 것들이 많아서 좀 실망스러웠다 그래두 종일권을 싸게사서 본전은 ㅃㅂ은듯 ㅎㅎ. 여튼 간만이라 젊어진듯한 기분이기도하고 시간도 빨리가고 정말 즐거웠다
5.0,2022.5.29.,"주토피아 너무좋아!! 로스트벨리 1시간 대기해서 이용했는데 정말 좋았고, 놀이기구를 타려면 스마트 예약 하는방법 배우고가라, 나같이 모르고가면 모르고 줄서있다가 시간낭비할 수 있다"
5.0,2023.10.25.,회전목마 근처 카페에 베이글을 판매하시네요!!! 빵순이로서 에버랜드 안에 베이커리가 없어서 서운했는데 몹시 옳습니다♡
4.0,2017.9.28.,"적어도 국내에선 젤 괜찮은 놀이공원입니다. 개인적으로 놀이기구는 롯데월드가 더 잼있긴한데, 그 외에 다양한 볼거리는 에버랜드가 최고라고 생각합니다. 다른 곳은 못가더라도 사라피월드는 꼭 가시길 바랍니다."
5.0,2019.10.27.,좋음 ㅎ사람이 많아도 좋은듯 할로윈기념 좀비 페스티벌도 좋고 날도 선선하긴 하지만 미세먼지가없어서 좋았음 두시반까지는 식당에 줄이 엄청 길어 먹기 힘듬
3.0,2019.4.22.,월요일인데... 놀이기구는 하나도 못탔다... 사람이 심하게 많음... 언덕이 많고 동선이 길어서 다리아픈건 늘있던거라... 연회원 끊지는 못할듯... 느므 힘들다..  사람에치여서 못논다... 사람없을땐... 미세먼지많다..  잼있고 사파리도 좋은데... 사파리를 볼수가 없네... ㅠㅠ
3.0,2022.10.6.,연휴기간이라 사람도 많고 시설이용하려면 두시간은 줄서서기다렷고 그날  사파리는 네시간기다렷다 볼수있엇음. 입장해서는 15분~20분보고 끝나니 조금허무한듯
3.0,2021.11.10.,"비올때 가면 사람이 없어서 좋지만, 운행하는 어트랙션도 없더이다. 실내나 물에 젖어도 괜찮은 것들만 운전하고 티 익스프레스를 운행 안한다는게 매우 아쉽네요. 그래도 사람 없으니 사파리도 쾌적하게 타고 로스트밸리도 편안하게 관람하고 좋네요. 좋기도하고 나쁘기도하고 복잡한 감정이 동시에 몰려옵니다. 언덕길이 많은게 에버랜드 최대 단점이네요. 특히 동물원쪽으로 유모차나 웨건 끌고 내려가려면 너무 가팔라 힘이들고, 또 비와서 낙엽에 미끌리지 않을까 걱정하며 내려가야합니다. 이부분은 어찌 안될까요.. 에버랜드가 탑티어급 테마파크가 되려면 언덕을 최소화 해야 될거 같아요. 장미공원쪽 부지가 넓어보이는데 그쪽을 잘 활용하면 좀 더 쾌적한 테마파크가 되지 않을까 싶습니다."
5.0,2019.9.15.,"오래 전 자연농원일때도 지금도 설렘이 있는 곳입니다. 기존 오즈의 성은 다른 어트랙션이 되어있고, 지구마을은 몇년 전 화재 이후 온전히 없어졌습니다. (노후의 이유가 더 큰듯합니다) 후룸라이드는 같은 종류의 다른 어트랙션, ""썬더폴스""로 바뀐지 몇년이 지났습니다. 대관람차는 여전히 운휴. 미스터리멘션도 슈팅고스트로 변했습니다. 큐패스 이용은 어플 내 레니찬스로 대체 운영됩니다. 단 레니찬스가 언제나 성공하는 것은 아니라는점 꼭 참고하세요. (정해진 수량) 한사람의 휴대폰으로 어플 로그인하셔서 인원모두 티켓 등록해두셔야 레니찬스때 누구는 되고 안되고 하는 문제가 발생하지 않을 겁니다. 동물들을 더 많이 볼 수 있게 된 것 같습니다. 저녁이 되니까 할로윈 시즌이라고 분장을 받은 (유료) 분들이 많습니다. 분장은 유러피안존  *아마존,티가 있는 존입니다. 공룡포토존 옆에서 유료 분장을 받을 수 있다고 보았습니다. 이 글이 조금 도움되길 바랍니다."
3.0,2023.4.4.,"아주 오랜만에 가족이랑 다녀왔어요 시설이 넘 오래되어서 맘이 별로 였어요 멈춘놀이기구도 많고 먼지가 소복한 매대,건물,그리고 녹슨쇠 기둥들이 눈에 더 들어오내요 주차도 가까운곳에있는곳은 유료로 전환되어서주차비를 만원이상 받고 있어요 먼곳은 무료이구요 누구에게 가보라고 추천은 못할것 같아요"
5.0,2025.11.4.,케데헌 전시회를 했다!!좋았다!!!!!
5.0,2024.1.23.,푸야보러 갔다 왔지요 간김에 루후 보고 왔지용 주말에 가실분들은 각오 하고 가셔여 합니다.9시 입장부터 웨이팅... 들가서 판다월드 웨이팅...엄청 납니다
2.0,2023.10.11.,아쉬운 점은 대관람차를 제외하고 운영하지 않는 시설과 공연이 많아졌다 시설이 점점 삭는다고 할지 손볼 곳이 많이 보인다. 불꽃놀이가 포함된 동영상의 스토리가 유치하다. 그리고 주차장이 유료로 바뀌었다 식음료가 점점 비싸진다 2시전에 겨우 2~3가지 시설에 탑승할 수 있다. 올 때마다 언덕도 마음에 안들고 그러나 여기 말고는 갈 곳이 없다.
4.0,2018.6.27.,언덕이 많은거 빼고 동물원과 테마파크의 조합이 좋다 너무 넓어서 다리가 아프다 곤돌라는 줄이 길어서 어드벤처 줄이나 마찬가지다 차라리 걸어가는게 빠르다 티 익스프레스는 진짜 청룡열차 무섭더라도 도전하는걸 추천한다 놀이기구 중에 이렇게 밀당을 잘하는 놀이기구는 처음 봤다 평일에 가면 사람이 별로 없어서 최대도 거의 1시간에서 1시간 반만 기다리면 탄다 다른 기구들은 20-30분 정도로 대기시간이 짧다
3.0,2023.5.17.,"스마트 줄서기가 대단한 것처럼 홍보하지만 메인 어트랙션들은 같은 그룹이라 하나만 예약할 수 있고, 다른 그룹엔 즐길게 1도 없음. 현장 줄서기는 정해진 시각이 아니면 어트랙션에 사람이 없어도 태워주지 않아서 현장 줄서기 시작하면 스마트 줄서기 생기기 전보다 더 오래 기다림. 사파리는 개노잼. 빨리 한국에 에버랜드보다 크고 새로운 테마파크가 생겨야함. 너무 오래 해먹음."
5.0,2020.11.29.,A top-rated amusement park in South Korea! Full of adventures and on-going events! T-express is one of the most fast and steep wooden roller coasters in the world and Safari World(as well as Lost Valley) is a superb zoo where whole different kinds of animals live together.  Please refer to the homepage of the theme park(Everland) for more detailed information!  한국을 대표하는 최고의 놀이공원! (환상의 나라 에버랜드로!) 신비한 모험과 수많은 이벤트 들이 있는 곳! (여기선 다 설명할 수 없으니..)보다 자세한 내용을 위해 홈페이지를 참고해주세요!
5.0,2025.7.4.,어렸을 때의 추억이 새록새록
5.0,2022.6.5.,아이들과 가면 팬더 외 여러 동물들을 볼 수 있어서 좋구 성인끼리 가면 스릴 만점인 놀이기구가 많아 하루 즐겁게 놀기에 충분합니다. 매표소 바로 앞 주차장은 하루 주차비 최대 만원까지 나와서 셔틀타고 이동할 수 있는 무료주차장 이용하는게 좋구요 (셔틀 수시로 운행 해서 많이 기다리지 않아요) 판매하는 음식은 많이 비싼 편이라 스낵같은거 싸가서 먹는게 좋을 것 같단 생각이 들었어요. 가격대비 상당히 별루예요 ㅠ
5.0,2019.7.7.,"한국 최고의 놀이공원중 하나죠. 놀이기구도 많지만 이벤트, 행사, 테마 등등  볼거리가 넘쳐나요. 저는 오후에 가서 밤까지 즐기는데 이유는 덥기도하고 사람이 별로 없어서요 ㅎㅎ"
5.0,2024.2.4.,우리 바오들 보러 간거라 판다월드만 회전초밥 했어요😆🥰 힘들었지만 바오들 직접 보고 오니 눈에 아른거리네요 ㅠㅠ😂 귀요미들 직접보면 더 귀여워요
4.0,2021.9.13.,월요일에도 사람이 많네요. 사파리 60분 대기... 그래도 재미있었습니다. 코로나 방역도 엄청 신경 쓰고 있네요. 모든 곳이 청결함
5.0,2022.5.13.,역시.  편차는 있겠지만 30대 중반은 힘듦.   기가 빨림.   하지만 역시 티익스는 재밌음. 130이라는 못탄다는 슬픈사실 ㅠ 주차 근처로 하려면 9시전에는 도착하셔야함.  9시이후는 주차장 자리주차하기 힘들어서 멀리 주차해야하는대 거리가 멀어도 많이멀어서 관내 버스로 왔다갔다 동해야함.
4.0,2020.1.25.,가족여행으로 방문한 에버랜드...어른들도 좋지만 아이가 더 좋아해서 기분이 좋았어요! 유모차 가지고 다니기도 괜찮았지만...언덕길이 역쉬...힝이!! 동물들도 보고 이곳저곳 보면서 탈것도 타고 열심히 다녔네요! 예전이나 지금이나 줄서서 타는건 기본 1시간정도네!! 아이가 지루해서 걱정이죠!! 산쪽이라 두둑히 입고 다녀야 합니다!
5.0,2021.9.22.,"지금은 할로윈 이벤트를 준비중입니다 아직 축제기간은 아니지만 곳곳에 할로윈풍 장식물이 있었습니다. 현재 저녁에 세계 각국의 바베큐 요리와 맥주를 즐길 수 있는 이벤트성 노점을 개최중입니다.  무서운 어트랙션을 즐기신다면 t익스프레스를, 무서운게 싫으시다면 다양한 정원을 즐기거나 동물들을 보고 장미 정원에서 바베큐요리와 맥주를 마시며 놀 수 있습니다. 용인에 처음 온다면, 혹은 한국에 처음 온다면 에버랜드는 무조건 한 번 들르시길 추천합니다."
4.0,2023.9.28.,확실히 사람 너무 많아요 ㅠㅠ 효율적으로 못타선지는 몰라도 5시간 동안 3개 타고 왔네요. 사람들이 쓰레기를 많이 버려서 생각보다 더러워요. 하지만 재미있으면 장땡이죠.ㅋㅋ 내부에 음식점은 너무 비싸니 도시락 싸가는 것을 추천드려요.
2.0,2019.11.13.,오랜만에 갔는데... 비도 엄청 많이오고 ㅠㅠ 운행안하는것도 많아서 아쉬웠어요... 비안올때 티익스탔는데 그 놀이기구는 진짜 짱인거같아요 엄청 재밌어요!! 호러메이즈 안에는 엄청 잘만들어놨어요~~ 진짜 무서워요....
4.0,2018.6.11.,"토요일 오픈시간 맞춰서 갔는데, 놀이기구 최소 70분 기다려야 탈 수 있음. 70분에서 120분 기다리고, 막상 타면 5-6분도 안되서 끝나는 기분ㅠㅠ 걸어다닌 시간은 거의 없거, 서서 기다리는 시간이 너무 길어서 무릎 너무 아팟음..ㅠㅠ 그리고 퍼레이드가 제일 신났고, 팬더는 밥만 먹었음ㅋㅋㅋㅋ"
4.0,2019.10.29.,"온라인으로 예매하고 선더폴스 큐패스로 구매했는데,탁월한선택이었음. 오늘 소세지 먹었는데 너무짰음, 퍼래이드도 예전에 비해 짫아진느낌이었음. 그래도 가을에 방문케되어 좋았음.바람불어 좀 추우니 10월하순부터 가는분들은 옷을 따뜻하게 입고가시길."
5.0,2022.12.28.,눈이 내려서 분위기가 기가막히도록 좋았음~아이와 단둘이 너무 잼이났음 근데 어질어질 약간의 긴장감을 주는 흥미진진한 놀이기구가 잼있고 즐거웠음돠
5.0,2021.10.13.,아이가 있는 가족이 걱정없이 동물과 산책을 만끽할 수 있는곳. 아이가 너무 좋아해요. 지형이 오르막 내리막이많아 도보로는 유모차나 웨건을 끌기는 많이 힘들지만 곳곳에 있는 스카이브릿지를 통해 손쉽고 편하게 이동이 가능함. 단 웨건은 스카이브릿지를 이용 못하기에 유모차로 대여할 것.
4.0,2017.10.31.,매우 넓은 놀이동산. 아침 일찍 와서 저녁 늦게까지 놀기 좋음. 주차장 매우 넓음. 주차 후 셔틀 버스 타고 놀이동산 입구까지 가야함. 셔틀버스 자주 운행함. 바로 옆에 에버랜드 스피드웨이가 있음.
4.0,2021.9.26.,추석 이후 징검다리 연휴가 있어 2년만에 방문...  사람이 참 많더라구요--;; 스마트줄서기가 생겨서 오래 줄서지 않아도 좋았음... 로스트밸리 스마트 줄서기했는데 예전에 비해 그냥 대충 훑는 너낌 아이들이 이제 커서 동물보다는 놀이기구에 열광하네요 재미있게 잘 놀았어요 가을마다하는 비비큐.. 맛있어요 할로윈팝콘 귀엽고요~  아이들의 천국입니딘
4.0,2021.5.25.,갑자기 가게 되었고 너무 늦게 도착해서 제대로 놀지도 보지도 못했다. 다음엔 일찍가서 여유있게 놀다와야겠다. 참고로 월요일이라 사람이 없을 거라 생각했는데 엄청 많았다.
5.0,2019.10.11.,장점 1.모든 직원들은 친절합니다. 웃으면서 반겨줍니다.  2. 상상의나라 에버랜드. 시설만봐도 우리나라에서 제일 좋은 놀이동산이라는것을 느낄수 있습니다.  3. 동물원은 정말 신기한게 많습니다.  4. 에버랜드 어플을 깔면 패스이용권을 사용할 수 있습니다.  단점 1. 여러 학교에서 한번에 소풍오는날에는 웨이팅이 정말깁니다. 2. 놀이기구가 좀더 늦은시간까지 개장햇으면 좋겟습니다.
5.0,2020.8.18.,코로나로 인해 하루종일 마스크를 쓰고 다녔습니다. 땀은 물론 범벅이었습니다. 코로나 상황이 좋지 않아 고민했지만 몇 달만에 겨우 낸 휴가라 아이들을 위해 어쩔수 없이 방문했지요. 다행히도 사람들이 많지 않아서 하루에 8가지 이상 놀이기구도 타고 로스트월드도 다녀왔습니다.
4.0,2024.3.5.,개학 때문인지 학생들이 없어서 거의 모든 놀이기구를 기다리지 않고 타서 아주 좋았어요.판다월드는 15분?정도 기다려서 볼수 있어서 매우 만족했습니다.
5.0,2022.4.8.,룸컨디션 최고구여~어메니티 정말 푸짐하게 다 들어있습니당~ 급여행이라 강아지들 때문에 테라스있는 스파룸 갑자기 잡게 됏는데 사장님이 너무친절하시게 받아주시고 댕이도 허락해주셧습니다. 진짜 관리가 너무 잘되있고 밤엔 아직도 쌀쌀한데 온돌도 뜨끈뜨끈 침대에도 뜨끈뜨끈 잘쉬엇다갑니다~~^-^♡사장님 댕이허락 감사합니당 그래서 깨끗히 쓰고 가용~ ***혹여나 이글보시고 댕이들 데리고 가시는분들은 다음 다른 견주들을 위해 깨끗히 써야 사장님이 받아주실것같습니당~~!!견주들의 매너~!!^-^
5.0,2023.9.15.,가을맞이한 에버랜드 푸바오 러바오도 보고 귀여운 동물들도 보고 중간중간 공연에 사람들많아도 신나게~~
4.0,2022.11.19.,놀이기구도 다양하고 볼거리도 많아서 좋아요 주차장에서 주차비를 받아요 참고하세요
5.0,2021.11.4.,하루 종일 다녔는데 절반도 못 보고 못 탓음 그만큼 넓기도하고 설계도 잘 해놓은게 다음에 또 오게끔ㅎㅎ 스케일도 크고 아무튼 여운이 많이 남습니다. 좋네요
5.0,2018.8.10.,그래도 우리나라 최고의 놀이시설이다. 가격은 5만원대로 ㅎㄷㄷ하긴 하지만. 구내식당이 외부에 비해 비싸지는 않은데 맛은 다 좋다. 특히 오리엔탈레스토랑의 라멘은 일본에서보다 맛있었다. 진국이다.
5.0,2018.8.11.,정말 오랫만에 애버랜드를 왔네요. 독수리 요새가 없어져서 아쉬웠지만. 불꽃놀이. 특히 퍼레이드가 정말 환상적이었습니다. 역시 윗지방에 살아야 하나봐요 ㅎㅎ 또 가고 싶네요~^%
4.0,2023.10.27.,"놀이기구와 동물원, 장미원 등이 모두 있습니다. 사람이 많을 때 T 익스프레스와 같은 인기 기구는 4시간 가까이 기다려야 해요. 봄, 가을의 평일은 단체가 많습니다. 대부분이 학생이라서 3~4시면 집에 가기 때문에 늦게 가시면 놀이기구 대기 시간이 많이 줄어듭니다. 시간 대를 잘 살피고 가시는 걸 추천 드립니다.  에버랜드 어플을 설치하시고 입장하시고 나면 스마트 줄서기를 할 수 있습니다. 사파리, 판다월드, 로스트 밸리 세 곳만 가능합니다. 10시에 입장했을 때 판다월드만 예약 가능했고 다른 곳은 모두 마감됐어요. 판다 월드도 금방 마감 됐습니다. 미리 어플 설치하고 회원 가입하시고 들어가는 걸 추천합니다. 스마트 줄서기를 하면 예상 시간이 나와요. 10분 남으면 QR 코드가 생성되는데 그럼 입장 가능합니다 에버랜드 개장 시간은 9시 40분입니다. 스마트 줄서기를 못하시면 오후 2시부터 현장 줄서기를 하셔야 해요. 12시 경에도 이미 줄서있는 사람이 많았습니다."
5.0,2022.10.4.,할로윈기간이라 많은 인파로인해 떠밀려다녔지만 그 재미로 가는곳이고 특별히 블러드시티를 보기위해 들렸으나 비가와서 동물만 구경하다 왔네요.
5.0,2018.12.11.,꿈과 환상의 에버랜드!!어릴때부터 놀이동산의 대명사는 항상 에버랜드엿는데 커서도 가니 역시나엿습니다. 예전과비해서 사파리나 로스트월드는 더욱좋아진게 느껴졋습니다. 아이동반으로 놀이동산가기에는 에버랜드만한곳이없더군요ㅎㅎ사파리도 아이들이너무좋아햇고 퍼레이드랑 좀비축제도 재밋엇습니다. 다만 예전에 비해 어른들이 탈만한 놀이기구는 다소좀부족한듯합니다. 그렇지만 곳곳에 아이들이좋아할요소가 많이배치대잇어서 만족스러웟습니다. 에버랜드는 부산에서 가기에는 차로4시간거리라서 부담스럽지만 그래도 또가고십어지는곳입니다.
5.0,2023.3.28.,친구들이랑 같이 놀러갔는데 방학도 아니고 화요일에 가니까 10시 좀 넘어서 도착했는데도 놀이기구 10개도 넘게 탔어요ㅋㅋㅋ 참고로 안에서는 간식들이 기본 4.5천원이고 밥은 만원 그냥 넘어가니 집에서 먹을거 좀 싸오세여
4.0,2023.6.6.,에버랜드는 큐패스가 답!! 플랜잇3는 필수~ 8시에 가면 1등으로 대기하고 들어가서 사파리나 로스트월드(?)부터 예약!! 올만에 회춘한 느낌ㅋ
5.0,2022.7.5.,평일이라 막힘 없이 알차게 보내고 갑니다. T익스프레스  입장하고 안타고 스마트 줄서기 할려고 했는데  평일이라 오후2시 이후 10분 현장 줄 서고 탔어요.아마존 사파리 로스트밸리도 오전 탐에 줄서는거 없이 다 탔구요. T익스프레스 타러 가다가 티타남님들도 뵈었습니다.족장님을 아마존에서 뵈었어야 되었는데 ㅋㅋㅋ 너무 알차게 타고 즐기고 갑니다.
5.0,2021.3.23.,꿈과 환상의나라 에버랜드☆ 날씨만 좋았으면 요즘 앱으로 전부예약할수있어서 주말에 대기없이 잘즐기고왔네요. t익스프레스는 여전히재밌어요 ㅋㅋ
5.0,2021.4.30.,"1년에 한두번씩 방문하지만 최근 들어 인스타 감성 노린 포토 핫스팟이 늘어난 느낌입니다. 튤립축제 기간에 방문했는데 '자연농원' 컨셉을 살린 레트로한 포토스팟이 곳곳에 있어서, 어트랙션 타는 것보다 사진 찍는 게 훨씬 더 재미있었습니다. 놀이기구만 타러 가기엔 이제 워낙 사람들의 경험도 다양화되고 즐길거리가 많아지다보나 사진 스팟의 강점을 내세우는 것 같은데 좋았어요. 저녁에 문라이트 퍼레이드도 어른들이 봐도 즐거웠고요."
4.0,2021.10.3.,산책삼아 감 사람이 너무 많음 놀이기구 기본1~2시간 웨이트해야함. 식당은 앉을 자리 없음 뿌빠동산 동물구경 특히 한국산 호랑이 구경과 판다스틱윙스로만도 만족했음 산책하고 바비큐먹고 동물구경만하고왔지만 봄 가을로 가볼만함.
5.0,2022.9.15.,모처럼 우리가족 나드리로 에버랜드에 구경 왔습니다. 초식동물과 사파리구경도 하고 바이킹도 타보고 재미있게 하루를보냈네요.
5.0,2023.6.20.,"날씨가 더워서 주말치고 사람은 미어터질정도는 아니었어요. 그치만 넘 더워서 미칠지경.. ㅎㅎ 당분간 여름엔 안갈예정이에요.. 그늘막 및 벤치를 곳곳에 마련이 필요하고, 바람나오는 기계같은거 설치좀 곳곳에 해주면 좋겠네요. 가져간 얼음팩 끌어안고 있었어요. 팝콘가게 문을 넘 빨리 닫아요. ㅜㅜ"
3.0,2019.8.25.,케리비안베이 장점이 100가지지만 사람이 너무 많다는것이 최대의 단점 슬라이드 한번타는데 한시간은 기본 대기해요.
5.0,2022.9.28.,에버랜드는 한살한살 먹을때마다 오는 느낌이 다른듯  체력도저질이라ㅠ 힘들고.. 사파리나 T를 타겠다는 생각이면 오픈런하시고 그게아니면 천천히 다니시면서 동물보고 꽃보고 퍼레이드보는게 좋아요  츄러스랑 프레즐은 역시나가서 먹어야 더 꿀맛인듯  중간중간 물파는데가 있었으면ㅠ 좋았을텐데 그게아니라서 아쉬웠어요  아가들데리고다니시는 부모님들 존경스러웠어요!! 다음에 가게되면 또 느낌다르겠죠?ㅎㅎ 그래도오랜만에가서 좋았어요
4.0,2023.1.16.,운영하지 않는 놀이기구들이 많았다. 근데 직원들은 너무 친절했다. 아이마스크가 없어져서 파는곳을 물어보니 마스크하나를 직접주셨다^^ (회전목마앞 레스토랑이었는데 이름이 기억이 안난다)
2.0,2019.12.18.,"눈 구경은 하기좋은데 솔직히 어른이 타기엔 탈만한 놀이기구가 너무없어요. 진짜 심각하게없음. 티익스프레스랑 바이킹, 롤링트레인 세개밖에없는데 입장권은 드럽게비쌈"
5.0,2023.6.11.,무조건 야간 퍼레이드 불꽃놀이 강추합니다. 아이들이 무척이나 좋아했어요. 그리고 놀이기구야 개인취향이라 뭐라 말은 못하겠지만 주차시 추가요금이 있지만 발렛서비스가 무척이나 편했습니다.
4.0,2018.11.22.,"바람 불어서 티 못탔어ㅜ 간식:츄러스 3500원정도 생각보다 추움ㄷㄷ 가을때 가실꺼면 숏패딩이지만 두툼한거 추천 에버랜드 앱깔아서 가면 더 편함ㅇㅇ하지만 데이터 빵빵해야 맘놓고 사용가능 그래도 개꿀잼 🚨밥 드실라면 빨리가서 자리 찜해놓아야 편하게 먹음🚨 💦물,음료수 사야함💦"
5.0,2022.11.15.,"봄 가을에 에버랜드는 가는게 아니라는걸 뼈저리게 느끼고 옴 소풍,수학여행시즌에는 절대 가지 마세요 사람에 깔릴뻔... 웬만한 어트랙션 한번 타려면 대기 기본이 2시간 4시간도 걸립니다 휴대용 의자 이런거 들고 줄서시는 분도 봄 좀비 공연은 볼만하고 재밌어요 사람이 너무 많아서 그렇지... 퍼레이드 보고나서 해산할때 깔릴까봐 진심 무서웠음 더울때 아니면 추울때 가는거 추천합니다"
5.0,2023.9.14.,군인할인으로 무료로 갔는데 개재밌었어용 티익 줄개긴만큼 빠르고 재밌어용 다른것도 재밌음 직원들도 친절하고 기구들도 안전해영
5.0,2022.5.2.,말이 필요없는 국내 최고의 테마파크👍 작년 여름에 연간이용권 구매 후 가족들과 주말 또는 휴일에 방문하고 있습니다.  에버랜드 정문 앞 주차장은 유료로 만원이고 주차장 1~4는 무료지만 에버랜드에서 운영하는 셔틀버스를 타고 에버랜드 정문으로 이동해야 합니다. 셔틀버스는 10분 내로 오는 것 같습니다.  4월~6월은 방문객이 많아 매우 혼잡하여 유료 주차장보다는 자리가 넓은 무료 주차장에 주차하고 셔틀버스를 타고 이동하는 것을 추천합니다. 입구 가까운 곳 주차하려다가 주차 대기하느라 더 늦게 입장할 수도 있습니다.  에버랜드 어플을 이용하여 스마트줄서기로 놀이기구를 바로 예약하는 것이 좋은데 사파리가 가장 먼저 매진이 되므로 사파리를 예매하는 것이 좋고 놀이기구를 즐기시는 분이면 다른 어트랙션 예매하는 것이 좋습니다.  아침에 일찍 오는게 놀이기구를 제일 많이 탈 수 있습니다. 오후가 될 수록 사람이 많아집니다.  동물원도 있고 정원도 잘 되어서 있어서 놀이기구 말고도 할 것이 많아 좋습니다.  산 속에 테마파크가 있어서 언덕과 내리막이 있습니다.
5.0,2024.11.23.,꽤나 넒은 놀이공원입니다 놀이 기구 탈거 많은 편이지만 비 오면 놀이 기구 대부분 폐장합니다 티켓은 미리 예매해서 오시는 기 더 저렴해서 예매하시고 오는 거 추천드립니다
5.0,2023.3.29.,"날이 살짝흐렸지만, 아이와 가족과 언제나 재밌는 추억을 쌓을 수 있는 곳. 할인되는 카드가 많지않으니 웹사이트서 할인루트를 잘 찾아보고, 또 오픈런 필수!"
5.0,2022.10.26.,2022년 10월 17일 월요일 기준으로 사람이 엄청많았습니다! 하지만 적절한 날씨와 할로윈 축제가 맘을 설레게 합니다! 어른도 동심으로 보내버립니다! 기구 타는거 좋아하시면 5시 이후를 노리면 좋아요! 확실히 저녁이 줄이 짧아서 대기타임이 없어요! 츄러스 구매도 줄서야해서 못먹고와서 아쉬워요! 공포체험은 다들아시겠지만 들어가자마자 만원결제 꼭 먼저하시거나 인터넷예약을 추천드립니다! 뭣모르고 갔다가 마감되서 못했어요! 사파리는 포기하면 마음이 편합니다! 아마존도 시간걸리지만 사파리가 더걸려요!
5.0,2018.5.21.,동물들이 너무 귀엽고 놀이브기구는 물배가 좋은데 물이많이 튀겨서 물을 싫어하는 사람들은 안가는게 좋아요~♡
5.0,2020.3.9.,2020. 03.09 코로나 여파덕 대기시간 전부 10분~20분 T 익스프레스 대기시간 50분 정도  2021. 12. 17 눈온다 펑펑 대기시간 거의다 10~20분 강설대기 ㅎㄷ
5.0,2019.10.27.,"1년내내 퍼레이드와 각종 페스티벌이 끊이지 않는 놀이공원 에버랜드.  레니찬스와 Q패스를 적절히 잘 활용하면 주말에 방문해도 최고인기 시설 탑승 가능합니다.  익스트림 놀이기구를 즐기시는 분들께 추천코스: 제일먼저 T익스프레스 탑승> 허리케인(레니찬스로 예약)> 사파리 또는 로스트밸리(레니찬스)  >더블 락스핀(레니찬스)> 콜럼버스 탐험대(그냥 탑승)  10시 입장, 점심식사 포함해서 8시간반 이내 모두 탑승후 귀가 가능합니다♡.♡"
4.0,2022.11.10.,학생들이 놀기에는 좋으나  모든것이 스마트예약을해야하고  일반놀이기구을 타기위해서는  대기줄보통1시간  기다리네요  평일인데도 사람도 너무많고  이동하는거리들이 너무길어요  다시는 가고싶지않아요  절은연인들은  좋을거같아요
4.0,2024.7.6.,7.4 목요일 성수기전 급히 가본 캐리 비안베이-에버랜드 패키지..정문주차장은 주차비가 있어 1주차장에 주차하고 셔틀버스로 이동.. 12시인데 1주차장도 거의 꽉찼네요..셔틀버스로 정문까지는 5분도 안걸려 괜찮네요. 캐리비안베이 패기지라 5시까지 캐리이안베이서 놀고 에버랜드로 이동..물놀이로 떨어진 체력은 입구쪽에 있는 스타벅스에서 돌체라떼로 충전..장마예보때문인지 대기없이 탔네요..소문의 아마존익스프레스도 대기없이..다만 T익스프레스는 대기 60분이라 포기..ㅜㅜ..8시30분 퍼레이드와 9시20분 불꽂놀이까지 보고난 후 리프트타고 이동 후 에버랜드는 여기까지~~아이 키 제한이 120cm가 많으므로 참조하세요..
5.0,2021.6.12.,비가 와도 언제와도 기분이 좋아지는 곳 에버랜드입니다. 요즘 코로나로 어두워보이는건 아쉽지만 💛 그래도 즐거운 추억을 만들어주는 환상의나라 에버랜드 💛 여기 중국집과 햄버거 집이 👍🏻👍🏻 한가람이라고 김치찌개👍🏻👍🏻추천드려요 (에버랜드 직원 지인 추천)
4.0,2024.11.10.,"아이들과 어른들의 꿈과 희망이 넘처나는 곳. 항상 테마가 있어 좋고, 사람들이 많아서? 좋다."
5.0,2020.7.18.,날씨가 무더웠지만 그래도 재미있고 방역수칙이 잘지켜지고있어서 좋았고 인생샷도 몇개 건지고가용💖 다른분들도 한번쯤와서 놀이기구타고가세용 추천놀이기구 회적목마🎠밤에타시는거 추천(인생샷건질수있음) 매직스윙 어린이들도 탈수있고 재미있는 바이킹비슷한 그네느낌이랄까?그런느낌이에요 토끼와거북이 이솝빌리지에있고 롤러코스터같은느낌이에요 짱재미있어용>< 아마존익스프레스 더울떼 타면 사이다 근데 예전차럼 물이 확 젖지 않아서 아시웠어용 ㅠㅠ
5.0,2022.11.1.,교통불편한점 주차도 택시도 힘들지만 츄로스 맛집 여의도불꽃축제할때 에버랜드에서 불꽃축제 본1인  드림투어 하세요. 돈쓴보람있네요 내 시간은 금이니까요
3.0,2021.11.1.,역시 주말은 사람 엄청 많음. 주말 정문 주차장은 좀 늦게사면 꽉차니 1.5km 정도 떨어진 제3주차장에 차를 세우고 셔틀 타고 정문으로 와야한다. 놀이기구 보통 1시간 대기. 스마트 예약이나 퀵패스 이용하면 대기 줄 서지 않는다고 한다. 식당까지 줄서서 대기... 저녁 7시30분에 moonlight 퍼레이드는 멋있는데 좀 짧은것 같음. 되도록이면 평일에 가는것이 좋음 아이가 좋아하니 가끔 한번씩 가주면 좋다.
5.0,2020.10.6.,말해뭐해!!!!! 너무좋았어요 사람도 많이없어서 t익스프레스 대기20분미만!! 로스트밸리랑 사파리만 70분이고 나머진 거의 20분대였어요 퍼레이드도 너무이뻤어요 날씨엄청추워져서 야간에는 앏은패딩 입어야할정도니 단디 챙겨가세요
3.0,2021.10.29.,주말에는 사람이 어마어마하게 많아요. 퍼레이드 보는데 유모차 아주 민폐입니다. 사람이 없는데 유모차만 달랑 가져다 자리 맡아놓고 퍼레이드 10분 전에 옵니다. 아주 민폐입니다. 이뿌게 잘 꾸며놓은 만큼 시설을 이용하는 사람들이 질서를 잘 지켜줬음 좋겠네요.
5.0,2019.7.13.,여름엔 캐비지~~ 여름이라 역시 토요일마다 가수를 초대해 공연을 하네요 오늘 딘딘이 왔네요 월드챔피언의 워터플라이쇼도 멋있었습니다 캐비 사람은 많지만 즐길거리와 볼거리가 많네요
5.0,2023.2.8.,"2월 겨울에 오니 사람이 별로 없어서 너무 좋네요. 주차도 정문 앞에 하니 비록 돈은 1만원 들지만 바로 갈 수 있어서 좋았어요. 또한 그동안 아이들과 그렇게 하고 싶었던 사파리, 로스트 밸리를 거의 기다리지 않고 했어요. 낮온도가 10도 내외만 되어도 겨울에 에버랜드 올 수 있을 것 같아요. 또한 광장에 설치된 것들이 다 예뻐서 사진찍기도 너무 좋아요."
5.0,2023.10.30.,평일에 갔는데도 사람이 너무 많았지만 날씨도 좋고 즐거운하루 였어요~
5.0,2023.11.20.,모험과 신비가 가득한 나라 여기는 롯... 아니구나. 여긴 에버랜드~~~ 줄서서 구경할 만한 볼거리 가득. 즐길거리. 먹거리 가득. 푸바오 귀엽고 근데 줄서는거 너무 힘들다 ㅋㅋㅋ 40년만에 재방문.
5.0,2020.6.28.,가족들과 함께 가기엔 최적의 장소... 거의 실외로 이루어져있지만 물선풍기가 곳곳에 위치해 있어 생각보다 막 덥지않아 좋음
5.0,2023.6.22.,아이랑 가기 좋아요. 스마트 줄서기 잘 사용하면 나름 편하네요. 츄러스는 너무 튀겨서 딱딱하니 드시지마세요
4.0,2024.3.2.,팬더 덕후들 때문에 매우 복잡함... 놀이기구는  사람이  많지 않네요
5.0,2022.10.8.,재밌는데 사함이 넘넘 많았어요 ㅜㅜ 금요일 오전부터 갔는데도 지니찬스? 레니찬스? 그거 마감이네요 기본 100분 이상씩 기다린듯 합니다
4.0,2022.6.8.,먹고 산책하고 왔는데 핫콘 먹으려고 굳이 줄서지마세요 특별한맛 아니고 여러분이 아는 그냥 그 맛이에요 알바생 불쌍해보임 음식 파는 위치 미리 찾아놓으세요 먹으려고 갔는데 가도가도 같은것만 나옴 평일에 가세요 무조건 사람 없을때
